BEA FIPS,BEA Combination Areas,FIPS,Place Names
15901,"Maui and Kalawao, HI",15005,"Kalawao, HI"
15901,"Maui and Kalawao, HI",15009,"Maui, HI"
51901,"Albemarle + Charlottesville, VA ",51003,"Albemarle, VA "
51901,"Albemarle + Charlottesville, VA ",51540,"Charlottesville (Independent City), VA "
51903,"Alleghany + Covington, VA ",51005,"Alleghany, VA "
51903,"Alleghany + Covington, VA ",51580,"Covington (Independent City), VA "
51907,"Augusta, Staunton + Waynesboro, VA ",51015,"Augusta, VA "
51907,"Augusta, Staunton + Waynesboro, VA ",51790,"Staunton (Independent City), VA "
51907,"Augusta, Staunton + Waynesboro, VA ",51820,"Waynesboro (Independent City), VA "
51911,"Campbell + Lynchburg, VA ",51031,"Campbell, VA "
51911,"Campbell + Lynchburg, VA ",51680,"Lynchburg (Independent City), VA "
51913,"Carroll + Galax, VA ",51035,"Carroll, VA "
51913,"Carroll + Galax, VA ",51640,"Galax (Independent City), VA "
51918,"Dinwiddie, Colonial Heights + Petersburg, VA ",51053,"Dinwiddie, VA "
51918,"Dinwiddie, Colonial Heights + Petersburg, VA ",51570,"Colonial Heights (Independent City), VA "
51918,"Dinwiddie, Colonial Heights + Petersburg, VA ",51730,"Petersburg (Independent City), VA "
51919,"Fairfax, Fairfax City + Falls Church, VA ",51059,"Fairfax, VA "
51919,"Fairfax, Fairfax City + Falls Church, VA ",51600,"Fairfax City (Independent City), VA "
51919,"Fairfax, Fairfax City + Falls Church, VA ",51610,"Falls Church (Independent City), VA "
51921,"Frederick + Winchester, VA ",51069,"Frederick, VA "
51921,"Frederick + Winchester, VA ",51840,"Winchester (Independent City), VA "
51923,"Greensville + Emporia, VA ",51081,"Greensville, VA "
51923,"Greensville + Emporia, VA ",51595,"Emporia (Independent City), VA "
51929,"Henry + Martinsville, VA ",51089,"Henry, VA "
51929,"Henry + Martinsville, VA ",51690,"Martinsville (Independent City), VA "
51931,"James City + Williamsburg, VA ",51095,"James City, VA "
51931,"James City + Williamsburg, VA ",51830,"Williamsburg (Independent City), VA "
51933,"Montgomery + Radford, VA ",51121,"Montgomery, VA "
51933,"Montgomery + Radford, VA ",51750,"Radford (Independent City), VA "
51939,"Pittsylvania + Danville, VA ",51143,"Pittsylvania, VA "
51939,"Pittsylvania + Danville, VA ",51590,"Danville (Independent City), VA "
51941,"Prince George + Hopewell, VA ",51149,"Prince George, VA "
51941,"Prince George + Hopewell, VA ",51670,"Hopewell (Independent City), VA "
51942,"Prince William, Manassas + Manassas Park, VA ",51153,"Prince William, VA "
51942,"Prince William, Manassas + Manassas Park, VA ",51683,"Manassas (Independent City), VA "
51942,"Prince William, Manassas + Manassas Park, VA ",51685,"Manassas Park (Independent City), VA "
51944,"Roanoke + Salem, VA ",51161,"Roanoke, VA "
51944,"Roanoke + Salem, VA ",51775,"Salem (Independent City), VA "
51945,"Rockbridge, Buena Vista + Lexington, VA ",51163,"Rockbridge, VA "
51945,"Rockbridge, Buena Vista + Lexington, VA ",51530,"Buena Vista (Independent City), VA "
51945,"Rockbridge, Buena Vista + Lexington, VA ",51678,"Lexington (Independent City), VA "
51947,"Rockingham + Harrisonburg, VA ",51165,"Rockingham, VA "
51947,"Rockingham + Harrisonburg, VA ",51660,"Harrisonburg (Independent City), VA "
51949,"Southampton + Franklin, VA ",51175,"Southampton, VA "
51949,"Southampton + Franklin, VA ",51620,"Franklin (Independent City), VA "
51951,"Spotsylvania + Fredericksburg, VA ",51177,"Spotsylvania, VA "
51951,"Spotsylvania + Fredericksburg, VA ",51630,"Fredericksburg (Independent City), VA "
51953,"Washington + Bristol, VA ",51191,"Washington, VA "
51953,"Washington + Bristol, VA ",51520,"Bristol (Independent City), VA "
51955,"Wise + Norton, VA ",51195,"Wise, VA "
51955,"Wise + Norton, VA ",51720,"Norton (Independent City), VA "
51958,"York + Poquoson, VA ",51199,"York, VA "
51958,"York + Poquoson, VA ",51735,"Poquoson (Independent City), VA "
55901,"Shawano (incl. Menominee), WI (prior to 1989)",55078,"Menominee, WI"
55901,"Shawano (incl. Menominee), WI (prior to 1989)",55115,"Shawano, WI"
