GeoFIPS,GeoName,2024
1001,"Autauga, AL",2251415
1003,"Baldwin, AL",13446245
1005,"Barbour, AL",985771
1007,"Bibb, AL",642360
1009,"Blount, AL",1534975
1011,"Bullock, AL",375414
1013,"Butler, AL",903761
1015,"Calhoun, AL",6287502
1017,"Chambers, AL",1240169
1019,"Cherokee, AL",796657
1021,"Chilton, AL",1655036
1023,"Choctaw, AL",727585
1025,"Clarke, AL",1129866
1027,"Clay, AL",576731
1029,"Cleburne, AL",463647
1031,"Coffee, AL",2323016
1033,"Colbert, AL",3558557
1035,"Conecuh, AL",507245
1037,"Coosa, AL",252383
1039,"Covington, AL",1662386
1041,"Crenshaw, AL",606446
1043,"Cullman, AL",4284754
1045,"Dale, AL",3915372
1047,"Dallas, AL",1724275
1049,"DeKalb, AL",3060598
1051,"Elmore, AL",3118265
1053,"Escambia, AL",1686284
1055,"Etowah, AL",4025620
1057,"Fayette, AL",480172
1059,"Franklin, AL",1336719
1061,"Geneva, AL",827451
1063,"Greene, AL",283285
1065,"Hale, AL",385503
1067,"Henry, AL",681050
1069,"Houston, AL",8043315
1071,"Jackson, AL",2144025
1073,"Jefferson, AL",65539202
1075,"Lamar, AL",473505
1077,"Lauderdale, AL",3928523
1079,"Lawrence, AL",864542
1081,"Lee, AL",9274891
1083,"Limestone, AL",6970887
1085,"Lowndes, AL",537792
1087,"Macon, AL",764900
1089,"Madison, AL",38958201
1091,"Marengo, AL",1107992
1093,"Marion, AL",1328464
1095,"Marshall, AL",5278383
1097,"Mobile, AL",30122670
1099,"Monroe, AL",848061
1101,"Montgomery, AL",19858873
1103,"Morgan, AL",8388858
1105,"Perry, AL",259965
1107,"Pickens, AL",568767
1109,"Pike, AL",2066542
1111,"Randolph, AL",690235
1113,"Russell, AL",2312570
1115,"St. Clair, AL",3156398
1117,"Shelby, AL",17332832
1119,"Sumter, AL",451395
1121,"Talladega, AL",4496315
1123,"Tallapoosa, AL",1910145
1125,"Tuscaloosa, AL",14447493
1127,"Walker, AL",2568468
1129,"Washington, AL",1300833
1131,"Wilcox, AL",472602
1133,"Winston, AL",1140916
2013,"Aleutians East Borough, AK",288918
2016,"Aleutians West Census Area, AK",1346090
2020,"Anchorage Municipality, AK",32113435
2050,"Bethel Census Area, AK",837070
2060,"Bristol Bay Borough, AK",178787
2063,"Chugach Census Area, AK*",1472506
2066,"Copper River Census Area, AK*",168943
2068,"Denali Borough, AK",413092
2070,"Dillingham Census Area, AK",324052
2090,"Fairbanks North Star Borough, AK",7891256
2100,"Haines Borough, AK",149720
2105,"Hoonah-Angoon Census Area, AK*",144185
2110,"Juneau City and Borough, AK",3226767
2122,"Kenai Peninsula Borough, AK",3590303
2130,"Ketchikan Gateway Borough, AK*",1237489
2150,"Kodiak Island Borough, AK",989110
2158,"Kusilvak Census Area, AK*",181136
2164,"Lake and Peninsula Borough, AK",141719
2170,"Matanuska-Susitna Borough, AK",4465288
2180,"Nome Census Area, AK",603156
2185,"North Slope Borough, AK",8087773
2188,"Northwest Arctic Borough, AK",743508
2195,"Petersburg Borough, AK*",216545
2198,"Prince of Wales-Hyder Census Area, AK*",294002
2201,"Prince of Wales-Outer Ketchikan Census Area, AK*",(NA)
2220,"Sitka City and Borough, AK",734692
2230,"Skagway Municipality, AK*",128332
2232,"Skagway-Hoonah-Angoon Census Area, AK*",(NA)
2240,"Southeast Fairbanks Census Area, AK",1054753
2261,"Valdez-Cordova Census Area, AK*",(NA)
2275,"Wrangell City and Borough, AK*",118541
2280,"Wrangell-Petersburg Census Area, AK*",(NA)
2282,"Yakutat City and Borough, AK*",42372
2290,"Yukon-Koyukuk Census Area, AK",383666
4001,"Apache, AZ",2947583
4003,"Cochise, AZ",6576220
4005,"Coconino, AZ",10662231
4007,"Gila, AZ",2397189
4009,"Graham, AZ",2015248
4011,"Greenlee, AZ",2526152
4012,"La Paz, AZ",848506
4013,"Maricopa, AZ",419250222
4015,"Mohave, AZ",9481652
4017,"Navajo, AZ",4065297
4019,"Pima, AZ",66711927
4021,"Pinal, AZ",16271501
4023,"Santa Cruz, AZ",2843969
4025,"Yavapai, AZ",12137366
4027,"Yuma, AZ",11353488
5001,"Arkansas, AR",1354408
5003,"Ashley, AR",1195590
5005,"Baxter, AR",2326281
5007,"Benton, AR",26125929
5009,"Boone, AR",1933546
5011,"Bradley, AR",471968
5013,"Calhoun, AR",458120
5015,"Carroll, AR",1308918
5017,"Chicot, AR",372073
5019,"Clark, AR",1071309
5021,"Clay, AR",476279
5023,"Cleburne, AR",844061
5025,"Cleveland, AR",235337
5027,"Columbia, AR",1306485
5029,"Conway, AR",1016143
5031,"Craighead, AR",7259082
5033,"Crawford, AR",2328337
5035,"Crittenden, AR",2344857
5037,"Cross, AR",587781
5039,"Dallas, AR",340283
5041,"Desha, AR",723990
5043,"Drew, AR",819092
5045,"Faulkner, AR",5737206
5047,"Franklin, AR",688949
5049,"Fulton, AR",237243
5051,"Garland, AR",4738099
5053,"Grant, AR",668022
5055,"Greene, AR",2021448
5057,"Hempstead, AR",1323042
5059,"Hot Spring, AR",1578799
5061,"Howard, AR",908541
5063,"Independence, AR",2636340
5065,"Izard, AR",390113
5067,"Jackson, AR",988026
5069,"Jefferson, AR",3460689
5071,"Johnson, AR",934942
5073,"Lafayette, AR",221316
5075,"Lawrence, AR",559367
5077,"Lee, AR",244787
5079,"Lincoln, AR",379996
5081,"Little River, AR",715001
5083,"Logan, AR",727412
5085,"Lonoke, AR",2115770
5087,"Madison, AR",694638
5089,"Marion, AR",773625
5091,"Miller, AR",1834235
5093,"Mississippi, AR",4151520
5095,"Monroe, AR",264531
5097,"Montgomery, AR",209005
5099,"Nevada, AR",318151
5101,"Newton, AR",138670
5103,"Ouachita, AR",862924
5105,"Perry, AR",265746
5107,"Phillips, AR",677572
5109,"Pike, AR",401276
5111,"Poinsett, AR",886114
5113,"Polk, AR",860204
5115,"Pope, AR",4152984
5117,"Prairie, AR",267389
5119,"Pulaski, AR",41430418
5121,"Randolph, AR",728724
5123,"St. Francis, AR",943104
5125,"Saline, AR",4029131
5127,"Scott, AR",505197
5129,"Searcy, AR",258583
5131,"Sebastian, AR",9255242
5133,"Sevier, AR",757968
5135,"Sharp, AR",579835
5137,"Stone, AR",365914
5139,"Union, AR",3375420
5141,"Van Buren, AR",483785
5143,"Washington, AR",18160038
5145,"White, AR",3310545
5147,"Woodruff, AR",326734
5149,"Yell, AR",895358
6001,"Alameda, CA",182539223
6003,"Alpine, CA",146275
6005,"Amador, CA",2112319
6007,"Butte, CA",12901012
6009,"Calaveras, CA",2074294
6011,"Colusa, CA",2009841
6013,"Contra Costa, CA",96579110
6015,"Del Norte, CA",1088160
6017,"El Dorado, CA",11555433
6019,"Fresno, CA",64216914
6021,"Glenn, CA",1468090
6023,"Humboldt, CA",7590512
6025,"Imperial, CA",12907423
6027,"Inyo, CA",1555469
6029,"Kern, CA",63069657
6031,"Kings, CA",9220195
6033,"Lake, CA",2694949
6035,"Lassen, CA",1470539
6037,"Los Angeles, CA",1002965029
6039,"Madera, CA",8846190
6041,"Marin, CA",36853590
6043,"Mariposa, CA",1035723
6045,"Mendocino, CA",4692543
6047,"Merced, CA",13282268
6049,"Modoc, CA",687654
6051,"Mono, CA",1564588
6053,"Monterey, CA",38345355
6055,"Napa, CA",14591893
6057,"Nevada, CA",6221340
6059,"Orange, CA",351752654
6061,"Placer, CA",34304249
6063,"Plumas, CA",1481503
6065,"Riverside, CA",134756586
6067,"Sacramento, CA",135538141
6069,"San Benito, CA",3284723
6071,"San Bernardino, CA",137913905
6073,"San Diego, CA",331867565
6075,"San Francisco, CA",268321762
6077,"San Joaquin, CA",46521159
6079,"San Luis Obispo, CA",24505477
6081,"San Mateo, CA",217017754
6083,"Santa Barbara, CA",41424520
6085,"Santa Clara, CA",438483301
6087,"Santa Cruz, CA",21092114
6089,"Shasta, CA",11869690
6091,"Sierra, CA",127150
6093,"Siskiyou, CA",2303711
6095,"Solano, CA",37694901
6097,"Sonoma, CA",39448025
6099,"Stanislaus, CA",32065240
6101,"Sutter, CA",5238339
6103,"Tehama, CA",2869511
6105,"Trinity, CA",598267
6107,"Tulare, CA",25414754
6109,"Tuolumne, CA",3306314
6111,"Ventura, CA",69605643
6113,"Yolo, CA",20507463
6115,"Yuba, CA",4508130
8001,"Adams, CO*",43102130
8003,"Alamosa, CO",911621
8005,"Arapahoe, CO",66677000
8007,"Archuleta, CO",773198
8009,"Baca, CO",143068
8011,"Bent, CO",175288
8013,"Boulder, CO*",39310907
8014,"Broomfield, CO*",11043854
8015,"Chaffee, CO",1304751
8017,"Cheyenne, CO",356064
8019,"Clear Creek, CO",656353
8021,"Conejos, CO",258666
8023,"Costilla, CO",125757
8025,"Crowley, CO",176234
8027,"Custer, CO",227483
8029,"Delta, CO",1203050
8031,"Denver, CO",128544473
8033,"Dolores, CO",105735
8035,"Douglas, CO",31178121
8037,"Eagle, CO",6935486
8039,"Elbert, CO",1041833
8041,"El Paso, CO",55117195
8043,"Fremont, CO",2072525
8045,"Garfield, CO",5010959
8047,"Gilpin, CO",1018137
8049,"Grand, CO",1621958
8051,"Gunnison, CO",1555950
8053,"Hinsdale, CO",56373
8055,"Huerfano, CO",323020
8057,"Jackson, CO",159443
8059,"Jefferson, CO*",46222558
8061,"Kiowa, CO",118521
8063,"Kit Carson, CO",650697
8065,"Lake, CO",563962
8067,"La Plata, CO",4264000
8069,"Larimer, CO",28483380
8071,"Las Animas, CO",652594
8073,"Lincoln, CO",500993
8075,"Logan, CO",1419089
8077,"Mesa, CO",9476333
8079,"Mineral, CO",100109
8081,"Moffat, CO",1246414
8083,"Montezuma, CO",1453827
8085,"Montrose, CO",2408079
8087,"Morgan, CO",2042700
8089,"Otero, CO",738815
8091,"Ouray, CO",309431
8093,"Park, CO",696391
8095,"Phillips, CO",254463
8097,"Pitkin, CO",3846643
8099,"Prowers, CO",625292
8101,"Pueblo, CO",8763714
8103,"Rio Blanco, CO",689583
8105,"Rio Grande, CO",579785
8107,"Routt, CO",2960825
8109,"Saguache, CO",219670
8111,"San Juan, CO",59055
8113,"San Miguel, CO",1080949
8115,"Sedgwick, CO",98653
8117,"Summit, CO",4340835
8119,"Teller, CO",1305252
8121,"Washington, CO",188482
8123,"Weld, CO*",29473373
8125,"Yuma, CO",611865
9001,"Fairfield, CT*",(NA)
9003,"Hartford, CT*",(NA)
9005,"Litchfield, CT*",(NA)
9007,"Middlesex, CT*",(NA)
9009,"New Haven, CT*",(NA)
9011,"New London, CT*",(NA)
9013,"Tolland, CT*",(NA)
9015,"Windham, CT*",(NA)
9110,"Capitol, CT*",110914256
9120,"Greater Bridgeport, CT*",33929754
9130,"Lower Connecticut River Valley, CT*",16096041
9140,"Naugatuck Valley, CT*",33434994
9150,"Northeastern Connecticut, CT*",5430654
9160,"Northwest Hills, CT*",6465153
9170,"South Central Connecticut, CT*",50133476
9180,"Southeastern Connecticut, CT*",24086923
9190,"Western Connecticut, CT*",76343680
10001,"Kent, DE",11652246
10003,"New Castle, DE",75963832
10005,"Sussex, DE",23355694
11001,"District of Columbia, DC",184297673
12001,"Alachua, FL",20938733
12003,"Baker, FL",1053655
12005,"Bay, FL",13467099
12007,"Bradford, FL",975743
12009,"Brevard, FL",43482320
12011,"Broward, FL",173651328
12013,"Calhoun, FL",506138
12015,"Charlotte, FL",9769878
12017,"Citrus, FL",6980610
12019,"Clay, FL",9125045
12021,"Collier, FL",36076881
12023,"Columbia, FL",3522864
12027,"DeSoto, FL",1418857
12029,"Dixie, FL",425669
12031,"Duval, FL",105371260
12033,"Escambia, FL",24362738
12035,"Flagler, FL",5147471
12037,"Franklin, FL",505880
12039,"Gadsden, FL",1707526
12041,"Gilchrist, FL",576381
12043,"Glades, FL",447344
12045,"Gulf, FL",652018
12047,"Hamilton, FL",781555
12049,"Hardee, FL",1475532
12051,"Hendry, FL",1891289
12053,"Hernando, FL",7294278
12055,"Highlands, FL",3825278
12057,"Hillsborough, FL",152009857
12059,"Holmes, FL",562060
12061,"Indian River, FL",11151906
12063,"Jackson, FL",1986155
12065,"Jefferson, FL",440624
12067,"Lafayette, FL",305815
12069,"Lake, FL",17948846
12071,"Lee, FL",54159628
12073,"Leon, FL",23568143
12075,"Levy, FL",1660421
12077,"Liberty, FL",492070
12079,"Madison, FL",748314
12081,"Manatee, FL",26347982
12083,"Marion, FL",17640543
12085,"Martin, FL",12307360
12086,"Miami-Dade, FL",260837199
12087,"Monroe, FL",8349784
12089,"Nassau, FL",4980181
12091,"Okaloosa, FL",19003071
12093,"Okeechobee, FL",2754409
12095,"Orange, FL",160399730
12097,"Osceola, FL",20398326
12099,"Palm Beach, FL",140505730
12101,"Pasco, FL",24175353
12103,"Pinellas, FL",78130648
12105,"Polk, FL",44304039
12107,"Putnam, FL",3499385
12109,"St. Johns, FL",18621279
12111,"St. Lucie, FL",16682829
12113,"Santa Rosa, FL",7898661
12115,"Sarasota, FL",35891092
12117,"Seminole, FL",34435347
12119,"Sumter, FL",7558509
12121,"Suwannee, FL",2103160
12123,"Taylor, FL",839975
12125,"Union, FL",532688
12127,"Volusia, FL",29510607
12129,"Wakulla, FL",1161041
12131,"Walton, FL",6430291
12133,"Washington, FL",943469
13001,"Appling, GA",2181454
13003,"Atkinson, GA",362302
13005,"Bacon, GA",508234
13007,"Baker, GA",88229
13009,"Baldwin, GA",1989950
13011,"Banks, GA",689960
13013,"Barrow, GA",3795998
13015,"Bartow, GA",8646416
13017,"Ben Hill, GA",820791
13019,"Berrien, GA",553203
13021,"Bibb, GA",11078764
13023,"Bleckley, GA",367081
13025,"Brantley, GA",371774
13027,"Brooks, GA",644668
13029,"Bryan, GA",3404568
13031,"Bulloch, GA",3814867
13033,"Burke, GA",3939247
13035,"Butts, GA",1057848
13037,"Calhoun, GA",152149
13039,"Camden, GA",2762248
13043,"Candler, GA",405523
13045,"Carroll, GA",7905686
13047,"Catoosa, GA",2268697
13049,"Charlton, GA",288645
13051,"Chatham, GA",28462557
13053,"Chattahoochee, GA",2189167
13055,"Chattooga, GA",735667
13057,"Cherokee, GA",13256652
13059,"Clarke, GA",10824090
13061,"Clay, GA",74287
13063,"Clayton, GA",26281522
13065,"Clinch, GA",315777
13067,"Cobb, GA",81868771
13069,"Coffee, GA",2275710
13071,"Colquitt, GA",2121047
13073,"Columbia, GA",6218939
13075,"Cook, GA",535845
13077,"Coweta, GA",7675408
13079,"Crawford, GA",233074
13081,"Crisp, GA",1376959
13083,"Dade, GA",650360
13085,"Dawson, GA",1551022
13087,"Decatur, GA",1427720
13089,"DeKalb, GA",59344347
13091,"Dodge, GA",585027
13093,"Dooly, GA",413414
13095,"Dougherty, GA",6291281
13097,"Douglas, GA",8179366
13099,"Early, GA",656672
13101,"Echols, GA",53885
13103,"Effingham, GA",3025250
13105,"Elbert, GA",998218
13107,"Emanuel, GA",995757
13109,"Evans, GA",548348
13111,"Fannin, GA",1298486
13113,"Fayette, GA",8271085
13115,"Floyd, GA",5686541
13117,"Forsyth, GA",16277045
13119,"Franklin, GA",1502446
13121,"Fulton, GA",243562683
13123,"Gilmer, GA",1439385
13125,"Glascock, GA",41253
13127,"Glynn, GA",6273764
13129,"Gordon, GA",3381535
13131,"Grady, GA",873867
13133,"Greene, GA",1241825
13135,"Gwinnett, GA",72407992
13137,"Habersham, GA",2106039
13139,"Hall, GA",17999363
13141,"Hancock, GA",202072
13143,"Haralson, GA",1402515
13145,"Harris, GA",865488
13147,"Hart, GA",1270466
13149,"Heard, GA",1504168
13151,"Henry, GA",11851338
13153,"Houston, GA",9930885
13155,"Irwin, GA",293137
13157,"Jackson, GA",6517627
13159,"Jasper, GA",433383
13161,"Jeff Davis, GA",693684
13163,"Jefferson, GA",728906
13165,"Jenkins, GA",214224
13167,"Johnson, GA",170676
13169,"Jones, GA",651467
13171,"Lamar, GA",668419
13173,"Lanier, GA",194171
13175,"Laurens, GA",2703832
13177,"Lee, GA",1099128
13179,"Liberty, GA",5289294
13181,"Lincoln, GA",182685
13183,"Long, GA",308503
13185,"Lowndes, GA",7135102
13187,"Lumpkin, GA",1363438
13189,"McDuffie, GA",875298
13191,"McIntosh, GA",312488
13193,"Macon, GA",615540
13195,"Madison, GA",884814
13197,"Marion, GA",148849
13199,"Meriwether, GA",913095
13201,"Miller, GA",277410
13205,"Mitchell, GA",1043919
13207,"Monroe, GA",1829605
13209,"Montgomery, GA",214352
13211,"Morgan, GA",1517812
13213,"Murray, GA",1887642
13215,"Muscogee, GA",13842168
13217,"Newton, GA",4592212
13219,"Oconee, GA",2564458
13221,"Oglethorpe, GA",517634
13223,"Paulding, GA",5182710
13225,"Peach, GA",1349550
13227,"Pickens, GA",1587986
13229,"Pierce, GA",659208
13231,"Pike, GA",510327
13233,"Polk, GA",1740318
13235,"Pulaski, GA",374852
13237,"Putnam, GA",906037
13239,"Quitman, GA",46646
13241,"Rabun, GA",851900
13243,"Randolph, GA",227843
13245,"Richmond, GA",16816550
13247,"Rockdale, GA",5909413
13249,"Schley, GA",155224
13251,"Screven, GA",427039
13253,"Seminole, GA",411054
13255,"Spalding, GA",3094013
13257,"Stephens, GA",1440312
13259,"Stewart, GA",198859
13261,"Sumter, GA",1263604
13263,"Talbot, GA",335598
13265,"Taliaferro, GA",44939
13267,"Tattnall, GA",920406
13269,"Taylor, GA",277571
13271,"Telfair, GA",414939
13273,"Terrell, GA",316664
13275,"Thomas, GA",3165692
13277,"Tift, GA",2775612
13279,"Toombs, GA",1516720
13281,"Towns, GA",600681
13283,"Treutlen, GA",153458
13285,"Troup, GA",5276476
13287,"Turner, GA",281358
13289,"Twiggs, GA",331471
13291,"Union, GA",1258073
13293,"Upson, GA",976375
13295,"Walker, GA",2268103
13297,"Walton, GA",4338197
13299,"Ware, GA",1906137
13301,"Warren, GA",283645
13303,"Washington, GA",866801
13305,"Wayne, GA",1650812
13307,"Webster, GA",84453
13309,"Wheeler, GA",159595
13311,"White, GA",1290647
13313,"Whitfield, GA",7746432
13315,"Wilcox, GA",218635
13317,"Wilkes, GA",500593
13319,"Wilkinson, GA",603577
13321,"Worth, GA",451444
15001,"Hawaii, HI",12193115
15003,"Honolulu, HI",87066455
15007,"Kauai, HI",5552396
15901,"Maui + Kalawao, HI*",12815443
16001,"Ada, ID",45454670
16003,"Adams, ID",204636
16005,"Bannock, ID",4410217
16007,"Bear Lake, ID",295712
16009,"Benewah, ID",557621
16011,"Bingham, ID",2217684
16013,"Blaine, ID",2519283
16015,"Boise, ID",283055
16017,"Bonner, ID",2545798
16019,"Bonneville, ID",9062316
16021,"Boundary, ID",658709
16023,"Butte, ID",1869804
16025,"Camas, ID",117792
16027,"Canyon, ID",11737629
16029,"Caribou, ID",1143390
16031,"Cassia, ID",2637263
16033,"Clark, ID",57095
16035,"Clearwater, ID",474146
16037,"Custer, ID",257340
16039,"Elmore, ID",1907593
16041,"Franklin, ID",635124
16043,"Fremont (includes Yellowstone Park), ID",549767
16045,"Gem, ID",696050
16047,"Gooding, ID",1764618
16049,"Idaho, ID",680203
16051,"Jefferson, ID",1365785
16053,"Jerome, ID",2003890
16055,"Kootenai, ID",11538865
16057,"Latah, ID",2072466
16059,"Lemhi, ID",546067
16061,"Lewis, ID",223108
16063,"Lincoln, ID",397038
16065,"Madison, ID",2007499
16067,"Minidoka, ID",1255049
16069,"Nez Perce, ID",3075367
16071,"Oneida, ID",201008
16073,"Owyhee, ID",677422
16075,"Payette, ID",1288582
16077,"Power, ID",560665
16079,"Shoshone, ID",954928
16081,"Teton, ID",653118
16083,"Twin Falls, ID",5945852
16085,"Valley, ID",849476
16087,"Washington, ID",664480
17001,"Adams, IL",4661117
17003,"Alexander, IL",273469
17005,"Bond, IL",781233
17007,"Boone, IL",1974934
17009,"Brown, IL",624033
17011,"Bureau, IL",1597834
17013,"Calhoun, IL",131060
17015,"Carroll, IL",761466
17017,"Cass, IL",883545
17019,"Champaign, IL",15449512
17021,"Christian, IL",1969778
17023,"Clark, IL",715458
17025,"Clay, IL",699379
17027,"Clinton, IL",1580525
17029,"Coles, IL",3508914
17031,"Cook, IL",546440623
17033,"Crawford, IL",1657059
17035,"Cumberland, IL",1827987
17037,"DeKalb, IL",5661367
17039,"De Witt, IL",1628745
17041,"Douglas, IL",1440193
17043,"DuPage, IL",129734015
17045,"Edgar, IL",1039014
17047,"Edwards, IL",320602
17049,"Effingham, IL",3084193
17051,"Fayette, IL",770372
17053,"Ford, IL",1118516
17055,"Franklin, IL",1361931
17057,"Fulton, IL",1138305
17059,"Gallatin, IL",172545
17061,"Greene, IL",430872
17063,"Grundy, IL",6043605
17065,"Hamilton, IL",478277
17067,"Hancock, IL",824425
17069,"Hardin, IL",125496
17071,"Henderson, IL",224458
17073,"Henry, IL",2047674
17075,"Iroquois, IL",1424954
17077,"Jackson, IL",3297425
17079,"Jasper, IL",645645
17081,"Jefferson, IL",2434004
17083,"Jersey, IL",672933
17085,"Jo Daviess, IL",1138449
17087,"Johnson, IL",328885
17089,"Kane, IL",37058271
17091,"Kankakee, IL",8528837
17093,"Kendall, IL",5408325
17095,"Knox, IL",2448651
17097,"Lake, IL",82868798
17099,"LaSalle, IL",7670127
17101,"Lawrence, IL",661172
17103,"Lee, IL",2173338
17105,"Livingston, IL",2894929
17107,"Logan, IL",1343646
17109,"McDonough, IL",1455111
17111,"McHenry, IL",15982773
17113,"McLean, IL",16910293
17115,"Macon, IL",9053686
17117,"Macoupin, IL",1525271
17119,"Madison, IL",16575291
17121,"Marion, IL",1757840
17123,"Marshall, IL",686578
17125,"Mason, IL",633778
17127,"Massac, IL",508886
17129,"Menard, IL",364163
17131,"Mercer, IL",589642
17133,"Monroe, IL",1345415
17135,"Montgomery, IL",2020807
17137,"Morgan, IL",2061535
17139,"Moultrie, IL",980997
17141,"Ogle, IL",3853438
17143,"Peoria, IL",16966247
17145,"Perry, IL",873312
17147,"Piatt, IL",719106
17149,"Pike, IL",824591
17151,"Pope, IL",85082
17153,"Pulaski, IL",222722
17155,"Putnam, IL",427853
17157,"Randolph, IL",2022513
17159,"Richland, IL",834210
17161,"Rock Island, IL",12607137
17163,"St. Clair, IL",16131374
17165,"Saline, IL",1122647
17167,"Sangamon, IL",15668703
17169,"Schuyler, IL",346012
17171,"Scott, IL",207793
17173,"Shelby, IL",1097575
17175,"Stark, IL",340014
17177,"Stephenson, IL",2485213
17179,"Tazewell, IL",7835419
17181,"Union, IL",532778
17183,"Vermilion, IL",4180111
17185,"Wabash, IL",451021
17187,"Warren, IL",1097219
17189,"Washington, IL",1258552
17191,"Wayne, IL",679422
17193,"White, IL",724369
17195,"Whiteside, IL",2977796
17197,"Will, IL",50332938
17199,"Williamson, IL",3986695
17201,"Winnebago, IL",18797963
17203,"Woodford, IL",1783290
18001,"Adams, IN",2317674
18003,"Allen, IN",29086714
18005,"Bartholomew, IN",9283850
18007,"Benton, IN",623324
18009,"Blackford, IN",428065
18011,"Boone, IN",6412372
18013,"Brown, IN",442551
18015,"Carroll, IN",951516
18017,"Cass, IN",1959512
18019,"Clark, IN",8558951
18021,"Clay, IN",1041618
18023,"Clinton, IN",2022497
18025,"Crawford, IN",238553
18027,"Daviess, IN",2273743
18029,"Dearborn, IN",2600681
18031,"Decatur, IN",1895295
18033,"DeKalb, IN",3447196
18035,"Delaware, IN",5403175
18037,"Dubois, IN",3819568
18039,"Elkhart, IN",20586285
18041,"Fayette, IN",698212
18043,"Floyd, IN",4256866
18045,"Fountain, IN",637537
18047,"Franklin, IN",773280
18049,"Fulton, IN",905055
18051,"Gibson, IN",4452759
18053,"Grant, IN",3220089
18055,"Greene, IN",903904
18057,"Hamilton, IN",31640795
18059,"Hancock, IN",4921999
18061,"Harrison, IN",1704618
18063,"Hendricks, IN",10412016
18065,"Henry, IN",2018421
18067,"Howard, IN",5497281
18069,"Huntington, IN",2057321
18071,"Jackson, IN",3590834
18073,"Jasper, IN",1967594
18075,"Jay, IN",1546086
18077,"Jefferson, IN",2066299
18079,"Jennings, IN",959682
18081,"Johnson, IN",8252765
18083,"Knox, IN",2501907
18085,"Kosciusko, IN",7835521
18087,"Lagrange, IN",2473271
18089,"Lake, IN",31242109
18091,"LaPorte, IN",5779515
18093,"Lawrence, IN",1784277
18095,"Madison, IN",5525746
18097,"Marion, IN",135592874
18099,"Marshall, IN",2375629
18101,"Martin, IN",1635359
18103,"Miami, IN",1291251
18105,"Monroe, IN",9347089
18107,"Montgomery, IN",2228402
18109,"Morgan, IN",3059405
18111,"Newton, IN",504124
18113,"Noble, IN",2552524
18115,"Ohio, IN",129735
18117,"Orange, IN",991555
18119,"Owen, IN",760254
18121,"Parke, IN",533760
18123,"Perry, IN",1001933
18125,"Pike, IN",693987
18127,"Porter, IN",9875314
18129,"Posey, IN",5935415
18131,"Pulaski, IN",992403
18133,"Putnam, IN",1458607
18135,"Randolph, IN",1258920
18137,"Ripley, IN",1407510
18139,"Rush, IN",764096
18141,"St. Joseph, IN",19493411
18143,"Scott, IN",948826
18145,"Shelby, IN",2846152
18147,"Spencer, IN",1297637
18149,"Starke, IN",690378
18151,"Steuben, IN",1959012
18153,"Sullivan, IN",1162696
18155,"Switzerland, IN",328699
18157,"Tippecanoe, IN",13688692
18159,"Tipton, IN",735911
18161,"Union, IN",216335
18163,"Vanderburgh, IN",15628812
18165,"Vermillion, IN",1134446
18167,"Vigo, IN",6570535
18169,"Wabash, IN",1714709
18171,"Warren, IN",371048
18173,"Warrick, IN",3188427
18175,"Washington, IN",999597
18177,"Wayne, IN",3814557
18179,"Wells, IN",1577129
18181,"White, IN",1514343
18183,"Whitley, IN",2226065
19001,"Adair, IA",662553
19003,"Adams, IA",265904
19005,"Allamakee, IA",780204
19007,"Appanoose, IA",518495
19009,"Audubon, IA",472553
19011,"Benton, IA",1137117
19013,"Black Hawk, IA",10039272
19015,"Boone, IA",1293400
19017,"Bremer, IA",1580731
19019,"Buchanan, IA",1087017
19021,"Buena Vista, IA",1938391
19023,"Butler, IA",705279
19025,"Calhoun, IA",559921
19027,"Carroll, IA",1837302
19029,"Cass, IA",990895
19031,"Cedar, IA",811491
19033,"Cerro Gordo, IA",3729490
19035,"Cherokee, IA",1086764
19037,"Chickasaw, IA",1087234
19039,"Clarke, IA",638873
19041,"Clay, IA",1539920
19043,"Clayton, IA",1176802
19045,"Clinton, IA",2950572
19047,"Crawford, IA",1117100
19049,"Dallas, IA",11106538
19051,"Davis, IA",407338
19053,"Decatur, IA",277577
19055,"Delaware, IA",1257017
19057,"Des Moines, IA",2923864
19059,"Dickinson, IA",1529229
19061,"Dubuque, IA",9159845
19063,"Emmet, IA",519084
19065,"Fayette, IA",1074991
19067,"Floyd, IA",1165407
19069,"Franklin, IA",789823
19071,"Fremont, IA",394050
19073,"Greene, IA",720763
19075,"Grundy, IA",731666
19077,"Guthrie, IA",752540
19079,"Hamilton, IA",1116493
19081,"Hancock, IA",1204021
19083,"Hardin, IA",1142119
19085,"Harrison, IA",674638
19087,"Henry, IA",1153613
19089,"Howard, IA",727355
19091,"Humboldt, IA",598190
19093,"Ida, IA",745612
19095,"Iowa, IA",1274166
19097,"Jackson, IA",906681
19099,"Jasper, IA",1522980
19101,"Jefferson, IA",911305
19103,"Johnson, IA",12640083
19105,"Jones, IA",858258
19107,"Keokuk, IA",442568
19109,"Kossuth, IA",1398715
19111,"Lee, IA",2263540
19113,"Linn, IA",21899205
19115,"Louisa, IA",930413
19117,"Lucas, IA",362431
19119,"Lyon, IA",1425377
19121,"Madison, IA",684290
19123,"Mahaska, IA",1192082
19125,"Marion, IA",2877638
19127,"Marshall, IA",2316784
19129,"Mills, IA",645309
19131,"Mitchell, IA",994769
19133,"Monona, IA",462008
19135,"Monroe, IA",618965
19137,"Montgomery, IA",557186
19139,"Muscatine, IA",3242090
19141,"O'Brien, IA",1250240
19143,"Osceola, IA",602104
19145,"Page, IA",810561
19147,"Palo Alto, IA",796293
19149,"Plymouth, IA",1997065
19151,"Pocahontas, IA",641676
19153,"Polk, IA",63823028
19155,"Pottawattamie, IA",6263240
19157,"Poweshiek, IA",1654237
19159,"Ringgold, IA",233698
19161,"Sac, IA",793724
19163,"Scott, IA",13290551
19165,"Shelby, IA",1051016
19167,"Sioux, IA",3920054
19169,"Story, IA",7790105
19171,"Tama, IA",847858
19173,"Taylor, IA",375852
19175,"Union, IA",964859
19177,"Van Buren, IA",294997
19179,"Wapello, IA",2159794
19181,"Warren, IA",1885393
19183,"Washington, IA",1863408
19185,"Wayne, IA",316484
19187,"Webster, IA",2759070
19189,"Winnebago, IA",690062
19191,"Winneshiek, IA",1353749
19193,"Woodbury, IA",7027889
19195,"Worth, IA",484997
19197,"Wright, IA",1246622
20001,"Allen, KS",702982
20003,"Anderson, KS",500503
20005,"Atchison, KS",845250
20007,"Barber, KS",228568
20009,"Barton, KS",1623421
20011,"Bourbon, KS",748510
20013,"Brown, KS",702128
20015,"Butler, KS",3836784
20017,"Chase, KS",146841
20019,"Chautauqua, KS",101001
20021,"Cherokee, KS",1091606
20023,"Cheyenne, KS",173697
20025,"Clark, KS",279437
20027,"Clay, KS",352296
20029,"Cloud, KS",516426
20031,"Coffey, KS",927721
20033,"Comanche, KS",70726
20035,"Cowley, KS",1697089
20037,"Crawford, KS",2158327
20039,"Decatur, KS",222462
20041,"Dickinson, KS",853769
20043,"Doniphan, KS",352300
20045,"Douglas, KS",7032056
20047,"Edwards, KS",236041
20049,"Elk, KS",102258
20051,"Ellis, KS",2049817
20053,"Ellsworth, KS",310286
20055,"Finney, KS",3111688
20057,"Ford, KS",3215354
20059,"Franklin, KS",1167828
20061,"Geary, KS",3746631
20063,"Gove, KS",280563
20065,"Graham, KS",185588
20067,"Grant, KS",641564
20069,"Gray, KS",997467
20071,"Greeley, KS",280653
20073,"Greenwood, KS",208858
20075,"Hamilton, KS",422912
20077,"Harper, KS",420939
20079,"Harvey, KS",1761771
20081,"Haskell, KS",519755
20083,"Hodgeman, KS",199405
20085,"Jackson, KS",507789
20087,"Jefferson, KS",500996
20089,"Jewell, KS",142513
20091,"Johnson, KS",67012163
20093,"Kearny, KS",265365
20095,"Kingman, KS",333869
20097,"Kiowa, KS",135016
20099,"Labette, KS",1081712
20101,"Lane, KS",173853
20103,"Leavenworth, KS",4051849
20105,"Lincoln, KS",148045
20107,"Linn, KS",575626
20109,"Logan, KS",224820
20111,"Lyon, KS",1975461
20113,"McPherson, KS",2635533
20115,"Marion, KS",520595
20117,"Marshall, KS",704271
20119,"Meade, KS",318214
20121,"Miami, KS",1433088
20123,"Mitchell, KS",614501
20125,"Montgomery, KS",2996626
20127,"Morris, KS",233536
20129,"Morton, KS",219394
20131,"Nemaha, KS",666783
20133,"Neosho, KS",787623
20135,"Ness, KS",227146
20137,"Norton, KS",357314
20139,"Osage, KS",417494
20141,"Osborne, KS",183767
20143,"Ottawa, KS",149991
20145,"Pawnee, KS",352750
20147,"Phillips, KS",604462
20149,"Pottawatomie, KS",1590521
20151,"Pratt, KS",745487
20153,"Rawlins, KS",179479
20155,"Reno, KS",3427836
20157,"Republic, KS",395605
20159,"Rice, KS",949357
20161,"Riley, KS",3813708
20163,"Rooks, KS",230438
20165,"Rush, KS",195569
20167,"Russell, KS",356952
20169,"Saline, KS",3875290
20171,"Scott, KS",551167
20173,"Sedgwick, KS",41524850
20175,"Seward, KS",1723374
20177,"Shawnee, KS",14583646
20179,"Sheridan, KS",224237
20181,"Sherman, KS",404761
20183,"Smith, KS",220803
20185,"Stafford, KS",289420
20187,"Stanton, KS",233908
20189,"Stevens, KS",496736
20191,"Sumner, KS",878133
20193,"Thomas, KS",904675
20195,"Trego, KS",177974
20197,"Wabaunsee, KS",176498
20199,"Wallace, KS",146465
20201,"Washington, KS",292785
20203,"Wichita, KS",353838
20205,"Wilson, KS",389003
20207,"Woodson, KS",96863
20209,"Wyandotte, KS",15517250
21001,"Adair, KY",570191
21003,"Allen, KY",616432
21005,"Anderson, KY",814693
21007,"Ballard, KY",354204
21009,"Barren, KY",1871161
21011,"Bath, KY",260721
21013,"Bell, KY",997428
21015,"Boone, KY",16775333
21017,"Bourbon, KY",1309367
21019,"Boyd, KY",3758183
21021,"Boyle, KY",1763016
21023,"Bracken, KY",219496
21025,"Breathitt, KY",306890
21027,"Breckinridge, KY",540719
21029,"Bullitt, KY",3824260
21031,"Butler, KY",409290
21033,"Caldwell, KY",542964
21035,"Calloway, KY",1913794
21037,"Campbell, KY",5048421
21039,"Carlisle, KY",264625
21041,"Carroll, KY",2455887
21043,"Carter, KY",670644
21045,"Casey, KY",480043
21047,"Christian, KY",7865768
21049,"Clark, KY",2043333
21051,"Clay, KY",454770
21053,"Clinton, KY",465724
21055,"Crittenden, KY",246098
21057,"Cumberland, KY",252853
21059,"Daviess, KY",6150868
21061,"Edmonson, KY",250281
21063,"Elliott, KY",110114
21065,"Estill, KY",291944
21067,"Fayette, KY",28908786
21069,"Fleming, KY",434846
21071,"Floyd, KY",1402705
21073,"Franklin, KY",4573264
21075,"Fulton, KY",286349
21077,"Gallatin, KY",461409
21079,"Garrard, KY",431795
21081,"Grant, KY",783999
21083,"Graves, KY",1753766
21085,"Grayson, KY",996751
21087,"Green, KY",238918
21089,"Greenup, KY",1075014
21091,"Hancock, KY",899665
21093,"Hardin, KY",7341195
21095,"Harlan, KY",759846
21097,"Harrison, KY",710269
21099,"Hart, KY",843296
21101,"Henderson, KY",2756162
21103,"Henry, KY",476300
21105,"Hickman, KY",280382
21107,"Hopkins, KY",2661004
21109,"Jackson, KY",206910
21111,"Jefferson, KY",78803068
21113,"Jessamine, KY",3050341
21115,"Johnson, KY",619376
21117,"Kenton, KY",12391283
21119,"Knott, KY",273774
21121,"Knox, KY",836798
21123,"Larue, KY",313886
21125,"Laurel, KY",2967312
21127,"Lawrence, KY",538676
21129,"Lee, KY",160520
21131,"Leslie, KY",196848
21133,"Letcher, KY",538796
21135,"Lewis, KY",251788
21137,"Lincoln, KY",595569
21139,"Livingston, KY",519299
21141,"Logan, KY",1330755
21143,"Lyon, KY",332346
21145,"McCracken, KY",6988910
21147,"McCreary, KY",348883
21149,"McLean, KY",345247
21151,"Madison, KY",4436247
21153,"Magoffin, KY",212486
21155,"Marion, KY",1275633
21157,"Marshall, KY",1759795
21159,"Martin, KY",290298
21161,"Mason, KY",1543293
21163,"Meade, KY",1002842
21165,"Menifee, KY",115006
21167,"Mercer, KY",1145669
21169,"Metcalfe, KY",254002
21171,"Monroe, KY",454560
21173,"Montgomery, KY",1384248
21175,"Morgan, KY",377676
21177,"Muhlenberg, KY",1543682
21179,"Nelson, KY",2394435
21181,"Nicholas, KY",130601
21183,"Ohio, KY",1077362
21185,"Oldham, KY",3011339
21187,"Owen, KY",262719
21189,"Owsley, KY",68918
21191,"Pendleton, KY",410901
21193,"Perry, KY",1294541
21195,"Pike, KY",2665475
21197,"Powell, KY",336655
21199,"Pulaski, KY",3033421
21201,"Robertson, KY",41724
21203,"Rockcastle, KY",431579
21205,"Rowan, KY",1068076
21207,"Russell, KY",1053047
21209,"Scott, KY",4504209
21211,"Shelby, KY",2408058
21213,"Simpson, KY",1226408
21215,"Spencer, KY",444689
21217,"Taylor, KY",1163636
21219,"Todd, KY",568772
21221,"Trigg, KY",464942
21223,"Trimble, KY",735688
21225,"Union, KY",1145863
21227,"Warren, KY",11131000
21229,"Washington, KY",468041
21231,"Wayne, KY",560157
21233,"Webster, KY",539424
21235,"Whitley, KY",1559418
21237,"Wolfe, KY",157357
21239,"Woodford, KY",1635788
22001,"Acadia, LA",2067266
22003,"Allen, LA",1080471
22005,"Ascension, LA",12654433
22007,"Assumption, LA",734607
22009,"Avoyelles, LA",1177252
22011,"Beauregard, LA",1971627
22013,"Bienville, LA",824636
22015,"Bossier, LA",7656264
22017,"Caddo, LA",17942732
22019,"Calcasieu, LA",18357421
22021,"Caldwell, LA",249316
22023,"Cameron, LA",1056696
22025,"Catahoula, LA",235238
22027,"Claiborne, LA",515610
22029,"Concordia, LA",715162
22031,"De Soto, LA",2894967
22033,"East Baton Rouge, LA",47132325
22035,"East Carroll, LA",165772
22037,"East Feliciana, LA",686600
22039,"Evangeline, LA",1176607
22041,"Franklin, LA",619082
22043,"Grant, LA",575962
22045,"Iberia, LA",3822425
22047,"Iberville, LA",3436271
22049,"Jackson, LA",603741
22051,"Jefferson, LA",31829666
22053,"Jefferson Davis, LA",1045726
22055,"Lafayette, LA",19778244
22057,"Lafourche, LA",6287199
22059,"LaSalle, LA",633715
22061,"Lincoln, LA",2776596
22063,"Livingston, LA",4247104
22065,"Madison, LA",463983
22067,"Morehouse, LA",754781
22069,"Natchitoches, LA",2046512
22071,"Orleans, LA",30835434
22073,"Ouachita, LA",9306880
22075,"Plaquemines, LA",4006732
22077,"Pointe Coupee, LA",1078567
22079,"Rapides, LA",7414380
22081,"Red River, LA",990177
22083,"Richland, LA",857358
22085,"Sabine, LA",1249010
22087,"St. Bernard, LA",1743957
22089,"St. Charles, LA",12724833
22091,"St. Helena, LA",264227
22093,"St. James, LA",3330047
22095,"St. John the Baptist, LA",4073478
22097,"St. Landry, LA",3177606
22099,"St. Martin, LA",1972630
22101,"St. Mary, LA",3527628
22103,"St. Tammany, LA",17382382
22105,"Tangipahoa, LA",6435431
22107,"Tensas, LA",160026
22109,"Terrebonne, LA",7138689
22111,"Union, LA",752209
22113,"Vermilion, LA",1949915
22115,"Vernon, LA",2698392
22117,"Washington, LA",1771815
22119,"Webster, LA",1561494
22121,"West Baton Rouge, LA",2340180
22123,"West Carroll, LA",236759
22125,"West Feliciana, LA",1274432
22127,"Winn, LA",702165
23001,"Androscoggin, ME",7049945
23003,"Aroostook, ME",3669941
23005,"Cumberland, ME",34616097
23007,"Franklin, ME",1509130
23009,"Hancock, ME",3681186
23011,"Kennebec, ME",8569210
23013,"Knox, ME",2632648
23015,"Lincoln, ME",1810924
23017,"Oxford, ME",2576674
23019,"Penobscot, ME",9643476
23021,"Piscataquis, ME",765706
23023,"Sagadahoc, ME",3087937
23025,"Somerset, ME",2438935
23027,"Waldo, ME",1998173
23029,"Washington, ME",1474205
23031,"York, ME",13649896
24001,"Allegany, MD",3542201
24003,"Anne Arundel, MD",69946072
24005,"Baltimore, MD",73113508
24009,"Calvert, MD",6248492
24011,"Caroline, MD",1589731
24013,"Carroll, MD",8877387
24015,"Cecil, MD",7154200
24017,"Charles, MD",8671815
24019,"Dorchester, MD",1800578
24021,"Frederick, MD",20352215
24023,"Garrett, MD",1790479
24025,"Harford, MD",17905579
24027,"Howard, MD",37129638
24029,"Kent, MD",1248345
24031,"Montgomery, MD",117389979
24033,"Prince George's, MD",65163322
24035,"Queen Anne's, MD",2875433
24037,"St. Mary's, MD",10446002
24039,"Somerset, MD",1230728
24041,"Talbot, MD",2786680
24043,"Washington, MD",9961298
24045,"Wicomico, MD",7087618
24047,"Worcester, MD",4138096
24510,"Baltimore (Independent City), MD",65578972
25001,"Barnstable, MA",19298345
25003,"Berkshire, MA",9165163
25005,"Bristol, MA",36041041
25007,"Dukes, MA",2109709
25009,"Essex, MA",60732738
25011,"Franklin, MA",3703873
25013,"Hampden, MA",30597888
25015,"Hampshire, MA",10388690
25017,"Middlesex, MA",240665230
25019,"Nantucket, MA",2107354
25021,"Norfolk, MA",75071231
25023,"Plymouth, MA",36916622
25025,"Suffolk, MA",190778332
25027,"Worcester, MA",60947229
26001,"Alcona, MI",263184
26003,"Alger, MI",331727
26005,"Allegan, MI",6699359
26007,"Alpena, MI",1517342
26009,"Antrim, MI",854585
26011,"Arenac, MI",602657
26013,"Baraga, MI",374485
26015,"Barry, MI",2346346
26017,"Bay, MI",4724092
26019,"Benzie, MI",740735
26021,"Berrien, MI",9718372
26023,"Branch, MI",1938449
26025,"Calhoun, MI",9106912
26027,"Cass, MI",1897246
26029,"Charlevoix, MI",1720737
26031,"Cheboygan, MI",911727
26033,"Chippewa, MI",1602948
26035,"Clare, MI",1547237
26037,"Clinton, MI",3167936
26039,"Crawford, MI",562607
26041,"Delta, MI",1635247
26043,"Dickinson, MI",1761845
26045,"Eaton, MI",7448391
26047,"Emmet, MI",2559020
26049,"Genesee, MI",20159547
26051,"Gladwin, MI",698563
26053,"Gogebic, MI",648609
26055,"Grand Traverse, MI",7470347
26057,"Gratiot, MI",1982243
26059,"Hillsdale, MI",2201614
26061,"Houghton, MI",1588874
26063,"Huron, MI",2157937
26065,"Ingham, MI",23568547
26067,"Ionia, MI",2329180
26069,"Iosco, MI",1264999
26071,"Iron, MI",419523
26073,"Isabella, MI",3265619
26075,"Jackson, MI",9060508
26077,"Kalamazoo, MI",20706266
26079,"Kalkaska, MI",838642
26081,"Kent, MI",60316473
26083,"Keweenaw, MI",76584
26085,"Lake, MI",288926
26087,"Lapeer, MI",3257810
26089,"Leelanau, MI",1131517
26091,"Lenawee, MI",4238659
26093,"Livingston, MI",10122407
26095,"Luce, MI",209836
26097,"Mackinac, MI",692894
26099,"Macomb, MI",54177053
26101,"Manistee, MI",1160259
26103,"Marquette, MI",3596670
26105,"Mason, MI",1347252
26107,"Mecosta, MI",1626071
26109,"Menominee, MI",971196
26111,"Midland, MI",7778569
26113,"Missaukee, MI",677711
26115,"Monroe, MI",8136406
26117,"Montcalm, MI",2158121
26119,"Montmorency, MI",309841
26121,"Muskegon, MI",8392115
26123,"Newaygo, MI",2076671
26125,"Oakland, MI",143144361
26127,"Oceana, MI",832889
26129,"Ogemaw, MI",787991
26131,"Ontonagon, MI",169197
26133,"Osceola, MI",1110869
26135,"Oscoda, MI",282829
26137,"Otsego, MI",1497909
26139,"Ottawa, MI",21043679
26141,"Presque Isle, MI",482141
26143,"Roscommon, MI",853717
26145,"Saginaw, MI",11009590
26147,"St. Clair, MI",7417446
26149,"St. Joseph, MI",2875369
26151,"Sanilac, MI",1746995
26153,"Schoolcraft, MI",360135
26155,"Shiawassee, MI",2377373
26157,"Tuscola, MI",1768657
26159,"Van Buren, MI",3313230
26161,"Washtenaw, MI",34591665
26163,"Wayne, MI",129920105
26165,"Wexford, MI",1743521
27001,"Aitkin, MN",673651
27003,"Anoka, MN",20602517
27005,"Becker, MN",2058087
27007,"Beltrami, MN",2519091
27009,"Benton, MN",2397767
27011,"Big Stone, MN",336438
27013,"Blue Earth, MN",5640718
27015,"Brown, MN",2006082
27017,"Carlton, MN",1906926
27019,"Carver, MN",7613634
27021,"Cass, MN",1362903
27023,"Chippewa, MN",773803
27025,"Chisago, MN",2241737
27027,"Clay, MN",2919096
27029,"Clearwater, MN",393423
27031,"Cook, MN",388312
27033,"Cottonwood, MN",865084
27035,"Crow Wing, MN",4043802
27037,"Dakota, MN",37138379
27039,"Dodge, MN",1065175
27041,"Douglas, MN",2859766
27043,"Faribault, MN",788396
27045,"Fillmore, MN",877049
27047,"Freeborn, MN",1740083
27049,"Goodhue, MN",3915807
27051,"Grant, MN",367023
27053,"Hennepin, MN",193617316
27055,"Houston, MN",810300
27057,"Hubbard, MN",968190
27059,"Isanti, MN",1593186
27061,"Itasca, MN",2578880
27063,"Jackson, MN",880986
27065,"Kanabec, MN",548831
27067,"Kandiyohi, MN",3137673
27069,"Kittson, MN",222916
27071,"Koochiching, MN",642732
27073,"Lac qui Parle, MN",434989
27075,"Lake, MN",564711
27077,"Lake of the Woods, MN",241979
27079,"Le Sueur, MN",1243189
27081,"Lincoln, MN",588323
27083,"Lyon, MN",2099962
27085,"McLeod, MN",2396536
27087,"Mahnomen, MN",249433
27089,"Marshall, MN",439386
27091,"Martin, MN",1428662
27093,"Meeker, MN",1585742
27095,"Mille Lacs, MN",1159849
27097,"Morrison, MN",1500674
27099,"Mower, MN",2994929
27101,"Murray, MN",721457
27103,"Nicollet, MN",1982707
27105,"Nobles, MN",1897056
27107,"Norman, MN",246190
27109,"Olmsted, MN",15729002
27111,"Otter Tail, MN",3284943
27113,"Pennington, MN",2742701
27115,"Pine, MN",994891
27117,"Pipestone, MN",988409
27119,"Polk, MN",1694090
27121,"Pope, MN",750312
27123,"Ramsey, MN",56256165
27125,"Red Lake, MN",247946
27127,"Redwood, MN",1490445
27129,"Renville, MN",1190012
27131,"Rice, MN",4083370
27133,"Rock, MN",991693
27135,"Roseau, MN",1699134
27137,"St. Louis, MN",13873687
27139,"Scott, MN",10952036
27141,"Sherburne, MN",4896742
27143,"Sibley, MN",722262
27145,"Stearns, MN",12618094
27147,"Steele, MN",2874475
27149,"Stevens, MN",816325
27151,"Swift, MN",799853
27153,"Todd, MN",1141096
27155,"Traverse, MN",347534
27157,"Wabasha, MN",1094269
27159,"Wadena, MN",744468
27161,"Waseca, MN",1256325
27163,"Washington, MN",17077663
27165,"Watonwan, MN",610842
27167,"Wilkin, MN",385545
27169,"Winona, MN",2963516
27171,"Wright, MN",7314179
27173,"Yellow Medicine, MN",784224
28001,"Adams, MS",1248525
28003,"Alcorn, MS",1661186
28005,"Amite, MS",389285
28007,"Attala, MS",640738
28009,"Benton, MS",399603
28011,"Bolivar, MS",1385537
28013,"Calhoun, MS",378407
28015,"Carroll, MS",147559
28017,"Chickasaw, MS",573877
28019,"Choctaw, MS",833505
28021,"Claiborne, MS",860755
28023,"Clarke, MS",408336
28025,"Clay, MS",688540
28027,"Coahoma, MS",859350
28029,"Copiah, MS",948503
28031,"Covington, MS",1022940
28033,"DeSoto, MS",9782580
28035,"Forrest, MS",4841488
28037,"Franklin, MS",252084
28039,"George, MS",652599
28041,"Greene, MS",229578
28043,"Grenada, MS",1176633
28045,"Hancock, MS",2271152
28047,"Harrison, MS",12822137
28049,"Hinds, MS",15444192
28051,"Holmes, MS",334187
28053,"Humphreys, MS",220886
28055,"Issaquena, MS",22629
28057,"Itawamba, MS",732980
28059,"Jackson, MS",10873008
28061,"Jasper, MS",656110
28063,"Jefferson, MS",141397
28065,"Jefferson Davis, MS",263771
28067,"Jones, MS",3599777
28069,"Kemper, MS",358734
28071,"Lafayette, MS",3160128
28073,"Lamar, MS",2776896
28075,"Lauderdale, MS",4840618
28077,"Lawrence, MS",526479
28079,"Leake, MS",897195
28081,"Lee, MS",6477190
28083,"Leflore, MS",1453237
28085,"Lincoln, MS",1634536
28087,"Lowndes, MS",3919601
28089,"Madison, MS",9942613
28091,"Marion, MS",1141888
28093,"Marshall, MS",1205869
28095,"Monroe, MS",1315011
28097,"Montgomery, MS",272609
28099,"Neshoba, MS",1524149
28101,"Newton, MS",699388
28103,"Noxubee, MS",345547
28105,"Oktibbeha, MS",2638965
28107,"Panola, MS",1415981
28109,"Pearl River, MS",1529950
28111,"Perry, MS",439677
28113,"Pike, MS",1554114
28115,"Pontotoc, MS",1285727
28117,"Prentiss, MS",799352
28119,"Quitman, MS",118920
28121,"Rankin, MS",10248160
28123,"Scott, MS",1446492
28125,"Sharkey, MS",106623
28127,"Simpson, MS",941094
28129,"Smith, MS",619377
28131,"Stone, MS",565152
28133,"Sunflower, MS",862676
28135,"Tallahatchie, MS",446651
28137,"Tate, MS",806747
28139,"Tippah, MS",898981
28141,"Tishomingo, MS",767154
28143,"Tunica, MS",730669
28145,"Union, MS",1470562
28147,"Walthall, MS",383292
28149,"Warren, MS",3581064
28151,"Washington, MS",1775539
28153,"Wayne, MS",905982
28155,"Webster, MS",254567
28157,"Wilkinson, MS",201316
28159,"Winston, MS",683611
28161,"Yalobusha, MS",367687
28163,"Yazoo, MS",1090769
29001,"Adair, MO",1104767
29003,"Andrew, MO",398909
29005,"Atchison, MO",424630
29007,"Audrain, MO",1182652
29009,"Barry, MO",2069609
29011,"Barton, MO",519579
29013,"Bates, MO",626462
29015,"Benton, MO",612961
29017,"Bollinger, MO",235453
29019,"Boone, MO",13934712
29021,"Buchanan, MO",6730853
29023,"Butler, MO",2003659
29025,"Caldwell, MO",277392
29027,"Callaway, MO",2700790
29029,"Camden, MO",2351792
29031,"Cape Girardeau, MO",5359218
29033,"Carroll, MO",419816
29035,"Carter, MO",162847
29037,"Cass, MO",4298327
29039,"Cedar, MO",458815
29041,"Chariton, MO",379456
29043,"Christian, MO",2963550
29045,"Clark, MO",200953
29047,"Clay, MO",17309687
29049,"Clinton, MO",575078
29051,"Cole, MO",7419921
29053,"Cooper, MO",633294
29055,"Crawford, MO",964655
29057,"Dade, MO",274113
29059,"Dallas, MO",407532
29061,"Daviess, MO",263714
29063,"DeKalb, MO",417397
29065,"Dent, MO",485690
29067,"Douglas, MO",286164
29069,"Dunklin, MO",1153996
29071,"Franklin, MO",6418705
29073,"Gasconade, MO",581398
29075,"Gentry, MO",301184
29077,"Greene, MO",24468856
29079,"Grundy, MO",390007
29081,"Harrison, MO",308813
29083,"Henry, MO",1061009
29085,"Hickory, MO",228425
29087,"Holt, MO",246277
29089,"Howard, MO",295145
29091,"Howell, MO",1760887
29093,"Iron, MO",370989
29095,"Jackson, MO",65088886
29097,"Jasper, MO",7432504
29099,"Jefferson, MO",6905559
29101,"Johnson, MO",2620530
29103,"Knox, MO",162845
29105,"Laclede, MO",2065787
29107,"Lafayette, MO",1157596
29109,"Lawrence, MO",1343017
29111,"Lewis, MO",308296
29113,"Lincoln, MO",1859183
29115,"Linn, MO",541489
29117,"Livingston, MO",741912
29119,"McDonald, MO",981331
29121,"Macon, MO",749650
29123,"Madison, MO",368049
29125,"Maries, MO",243279
29127,"Marion, MO",1627001
29129,"Mercer, MO",136598
29131,"Miller, MO",1050729
29133,"Mississippi, MO",425523
29135,"Moniteau, MO",666178
29137,"Monroe, MO",289018
29139,"Montgomery, MO",479331
29141,"Morgan, MO",845822
29143,"New Madrid, MO",1369421
29145,"Newton, MO",3081772
29147,"Nodaway, MO",1011867
29149,"Oregon, MO",289088
29151,"Osage, MO",608828
29153,"Ozark, MO",194659
29155,"Pemiscot, MO",610642
29157,"Perry, MO",1328135
29159,"Pettis, MO",3341724
29161,"Phelps, MO",2138274
29163,"Pike, MO",684274
29165,"Platte, MO",9634949
29167,"Polk, MO",1168438
29169,"Pulaski, MO",3007508
29171,"Putnam, MO",187962
29173,"Ralls, MO",803646
29175,"Randolph, MO",1587906
29177,"Ray, MO",651349
29179,"Reynolds, MO",227863
29181,"Ripley, MO",285299
29183,"St. Charles, MO",26418953
29185,"St. Clair, MO",257242
29186,"Ste. Genevieve, MO",871339
29187,"St. Francois, MO",2449490
29189,"St. Louis, MO",114807071
29195,"Saline, MO",1303916
29197,"Schuyler, MO",181331
29199,"Scotland, MO",236061
29201,"Scott, MO",2219134
29203,"Shannon, MO",190363
29205,"Shelby, MO",214147
29207,"Stoddard, MO",1478368
29209,"Stone, MO",1131713
29211,"Sullivan, MO",618817
29213,"Taney, MO",3722555
29215,"Texas, MO",753024
29217,"Vernon, MO",1137997
29219,"Warren, MO",1226142
29221,"Washington, MO",579741
29223,"Wayne, MO",259785
29225,"Webster, MO",1256915
29227,"Worth, MO",73908
29229,"Wright, MO",578801
29510,"St. Louis (Independent City), MO",40403043
30001,"Beaverhead, MT",672545
30003,"Big Horn, MT",1285636
30005,"Blaine, MT",227406
30007,"Broadwater, MT",306505
30009,"Carbon, MT",523704
30011,"Carter, MT",92127
30013,"Cascade, MT",5711533
30015,"Chouteau, MT",292455
30017,"Custer, MT",695615
30019,"Daniels, MT",122638
30021,"Dawson, MT",515127
30023,"Deer Lodge, MT",431261
30025,"Fallon, MT",223508
30027,"Fergus, MT",776741
30029,"Flathead, MT",7210153
30031,"Gallatin, MT",11875417
30033,"Garfield, MT",43022
30035,"Glacier, MT",649659
30037,"Golden Valley, MT",32941
30039,"Granite, MT",165767
30041,"Hill, MT",925320
30043,"Jefferson, MT",392806
30045,"Judith Basin, MT",138602
30047,"Lake, MT",1354912
30049,"Lewis and Clark, MT",5687584
30051,"Liberty, MT",323769
30053,"Lincoln, MT",880457
30055,"McCone, MT",150844
30057,"Madison, MT",651045
30059,"Meagher, MT",89658
30061,"Mineral, MT",163613
30063,"Missoula, MT",9086379
30065,"Musselshell, MT",513928
30067,"Park, MT",898871
30069,"Petroleum, MT",22740
30071,"Phillips, MT",163814
30073,"Pondera, MT",302074
30075,"Powder River, MT",153115
30077,"Powell, MT",356495
30079,"Prairie, MT",62147
30081,"Ravalli, MT",1925783
30083,"Richland, MT",1187847
30085,"Roosevelt, MT",549267
30087,"Rosebud, MT",1077626
30089,"Sanders, MT",552158
30091,"Sheridan, MT",240827
30093,"Silver Bow, MT",2216126
30095,"Stillwater, MT",725086
30097,"Sweet Grass, MT",314835
30099,"Teton, MT",299936
30101,"Toole, MT",488869
30103,"Treasure, MT",107737
30105,"Valley, MT",393985
30107,"Wheatland, MT",107429
30109,"Wibaux, MT",59178
30111,"Yellowstone, MT",14022393
31001,"Adams, NE",2660995
31003,"Antelope, NE",776573
31005,"Arthur, NE",33182
31007,"Banner, NE",48742
31009,"Blaine, NE",50758
31011,"Boone, NE",575690
31013,"Box Butte, NE",724860
31015,"Boyd, NE",139785
31017,"Brown, NE",265600
31019,"Buffalo, NE",4460701
31021,"Burt, NE",437543
31023,"Butler, NE",583981
31025,"Cass, NE",1147969
31027,"Cedar, NE",562212
31029,"Chase, NE",433592
31031,"Cherry, NE",484893
31033,"Cheyenne, NE",686678
31035,"Clay, NE",469115
31037,"Colfax, NE",1022719
31039,"Cuming, NE",1073698
31041,"Custer, NE",882262
31043,"Dakota, NE",2419435
31045,"Dawes, NE",394777
31047,"Dawson, NE",2217066
31049,"Deuel, NE",87631
31051,"Dixon, NE",480209
31053,"Dodge, NE",3064103
31055,"Douglas, NE",73770708
31057,"Dundy, NE",240772
31059,"Fillmore, NE",559545
31061,"Franklin, NE",125290
31063,"Frontier, NE",104152
31065,"Furnas, NE",300425
31067,"Gage, NE",1583468
31069,"Garden, NE",106578
31071,"Garfield, NE",114343
31073,"Gosper, NE",122870
31075,"Grant, NE",48167
31077,"Greeley, NE",192409
31079,"Hall, NE",5285117
31081,"Hamilton, NE",926725
31083,"Harlan, NE",267369
31085,"Hayes, NE",94619
31087,"Hitchcock, NE",182246
31089,"Holt, NE",913311
31091,"Hooker, NE",38804
31093,"Howard, NE",288303
31095,"Jefferson, NE",556937
31097,"Johnson, NE",252655
31099,"Kearney, NE",618168
31101,"Keith, NE",526343
31103,"Keya Paha, NE",52868
31105,"Kimball, NE",263438
31107,"Knox, NE",873862
31109,"Lancaster, NE",28815321
31111,"Lincoln, NE",3306585
31113,"Logan, NE",40151
31115,"Loup, NE",59794
31117,"McPherson, NE",33330
31119,"Madison, NE",3228404
31121,"Merrick, NE",554211
31123,"Morrill, NE",472874
31125,"Nance, NE",216372
31127,"Nemaha, NE",1064754
31129,"Nuckolls, NE",383720
31131,"Otoe, NE",1791164
31133,"Pawnee, NE",140925
31135,"Perkins, NE",407229
31137,"Phelps, NE",1030656
31139,"Pierce, NE",737835
31141,"Platte, NE",3863876
31143,"Polk, NE",467077
31145,"Red Willow, NE",736750
31147,"Richardson, NE",499314
31149,"Rock, NE",133453
31151,"Saline, NE",1293492
31153,"Sarpy, NE",13671426
31155,"Saunders, NE",1090262
31157,"Scotts Bluff, NE",2383527
31159,"Seward, NE",1089877
31161,"Sheridan, NE",436738
31163,"Sherman, NE",157703
31165,"Sioux, NE",128841
31167,"Stanton, NE",424949
31169,"Thayer, NE",535515
31171,"Thomas, NE",50142
31173,"Thurston, NE",605333
31175,"Valley, NE",385324
31177,"Washington, NE",1898148
31179,"Wayne, NE",804420
31181,"Webster, NE",364062
31183,"Wheeler, NE",96905
31185,"York, NE",1247952
32001,"Churchill, NV",1639429
32003,"Clark, NV",195936289
32005,"Douglas, NV",4048172
32007,"Elko, NV",3994743
32009,"Esmeralda, NV",46926
32011,"Eureka, NV",1297450
32013,"Humboldt, NV",1815207
32015,"Lander, NV",920527
32017,"Lincoln, NV",254451
32019,"Lyon, NV",2367880
32021,"Mineral, NV",232656
32023,"Nye, NV",2670068
32027,"Pershing, NV",592231
32029,"Storey, NV",2769246
32031,"Washoe, NV",43717096
32033,"White Pine, NV",1331760
32510,"Carson City (Independent City), NV",5376379
33001,"Belknap, NH",4295767
33003,"Carroll, NH",3405270
33005,"Cheshire, NH",5175191
33007,"Coos, NH",1816037
33009,"Grafton, NH",9869257
33011,"Hillsborough, NH",38132657
33013,"Merrimack, NH",13792335
33015,"Rockingham, NH",32665586
33017,"Strafford, NH",7984267
33019,"Sullivan, NH",2200275
34001,"Atlantic, NJ",19423169
34003,"Bergen, NJ",105804508
34005,"Burlington, NJ",40867224
34007,"Camden, NJ",34619814
34009,"Cape May, NJ",7801173
34011,"Cumberland, NJ",8513548
34013,"Essex, NJ",76179529
34015,"Gloucester, NJ",19111129
34017,"Hudson, NJ",65735570
34019,"Hunterdon, NJ",9867058
34021,"Mercer, NJ",56806586
34023,"Middlesex, NJ",86704508
34025,"Monmouth, NJ",52693317
34027,"Morris, NJ",74395289
34029,"Ocean, NJ",31708748
34031,"Passaic, NJ",29073802
34033,"Salem, NJ",7363384
34035,"Somerset, NJ",54494111
34037,"Sussex, NJ",6728777
34039,"Union, NJ",51947451
34041,"Warren, NJ",6161707
35001,"Bernalillo, NM",54831086
35003,"Catron, NM",144190
35005,"Chaves, NM",2865638
35006,"Cibola, NM",868066
35007,"Colfax, NM",623486
35009,"Curry, NM",4317233
35011,"De Baca, NM",110871
35013,"Doña Ana, NM",11315252
35015,"Eddy, NM",11319034
35017,"Grant, NM",1406918
35019,"Guadalupe, NM",277764
35021,"Harding, NM",47348
35023,"Hidalgo, NM",254901
35025,"Lea, NM",12857883
35027,"Lincoln, NM",894191
35028,"Los Alamos, NM",3814572
35029,"Luna, NM",1242018
35031,"McKinley, NM",2893527
35033,"Mora, NM",161579
35035,"Otero, NM",3794842
35037,"Quay, NM",353624
35039,"Rio Arriba, NM",1378990
35041,"Roosevelt, NM",949224
35043,"Sandoval, NM",6129161
35045,"San Juan, NM",7042616
35047,"San Miguel, NM",1005021
35049,"Santa Fe, NM",10086593
35051,"Sierra, NM",423002
35053,"Socorro, NM",666152
35055,"Taos, NM",1520802
35057,"Torrance, NM",881314
35059,"Union, NM",178447
35061,"Valencia, NM",2429515
36001,"Albany, NY",46129110
36003,"Allegany, NY",1954757
36005,"Bronx, NY",58323409
36007,"Broome, NY",12159256
36009,"Cattaraugus, NY",3918752
36011,"Cayuga, NY",4062578
36013,"Chautauqua, NY",6275017
36015,"Chemung, NY",4774153
36017,"Chenango, NY",3066396
36019,"Clinton, NY",4928840
36021,"Columbia, NY",3464972
36023,"Cortland, NY",2372114
36025,"Delaware, NY",3118133
36027,"Dutchess, NY",20301787
36029,"Erie, NY",81131829
36031,"Essex, NY",2335353
36033,"Franklin, NY",2709141
36035,"Fulton, NY",2445881
36037,"Genesee, NY",3487135
36039,"Greene, NY",3656783
36041,"Hamilton, NY",297399
36043,"Herkimer, NY",2359755
36045,"Jefferson, NY",8275565
36047,"Kings, NY",145934266
36049,"Lewis, NY",1658718
36051,"Livingston, NY",3091659
36053,"Madison, NY",3091348
36055,"Monroe, NY",65111347
36057,"Montgomery, NY",2631721
36059,"Nassau, NY",130221948
36061,"New York, NY",1006673239
36063,"Niagara, NY",13570171
36065,"Oneida, NY",14679920
36067,"Onondaga, NY",42500298
36069,"Ontario, NY",8917395
36071,"Orange, NY",27748499
36073,"Orleans, NY",1870967
36075,"Oswego, NY",9256246
36077,"Otsego, NY",3518319
36079,"Putnam, NY",5494281
36081,"Queens, NY",143131298
36083,"Rensselaer, NY",15508277
36085,"Richmond, NY",23779286
36087,"Rockland, NY",24441679
36089,"St. Lawrence, NY",6588378
36091,"Saratoga, NY",16619575
36093,"Schenectady, NY",12310463
36095,"Schoharie, NY",1320360
36097,"Schuyler, NY",709089
36099,"Seneca, NY",2064190
36101,"Steuben, NY",5787287
36103,"Suffolk, NY",139014125
36105,"Sullivan, NY",4503856
36107,"Tioga, NY",2021789
36109,"Tompkins, NY",7966282
36111,"Ulster, NY",10454133
36113,"Warren, NY",6767680
36115,"Washington, NY",2640686
36117,"Wayne, NY",5129939
36119,"Westchester, NY",120153941
36121,"Wyoming, NY",2368217
36123,"Yates, NY",1339941
37001,"Alamance, NC",9014300
37003,"Alexander, NC",1196497
37005,"Alleghany, NC",419999
37007,"Anson, NC",1165183
37009,"Ashe, NC",1069343
37011,"Avery, NC",890318
37013,"Beaufort, NC",2369178
37015,"Bertie, NC",797929
37017,"Bladen, NC",1864174
37019,"Brunswick, NC",8081360
37021,"Buncombe, NC",21262054
37023,"Burke, NC",3724357
37025,"Cabarrus, NC",12962218
37027,"Caldwell, NC",3307968
37029,"Camden, NC",226088
37031,"Carteret, NC",3739380
37033,"Caswell, NC",531303
37035,"Catawba, NC",12403358
37037,"Chatham, NC",2919380
37039,"Cherokee, NC",1183620
37041,"Chowan, NC",723036
37043,"Clay, NC",328218
37045,"Cleveland, NC",6025325
37047,"Columbus, NC",1917692
37049,"Craven, NC",6912701
37051,"Cumberland, NC",24444527
37053,"Currituck, NC",1149877
37055,"Dare, NC",3087278
37057,"Davidson, NC",7125063
37059,"Davie, NC",1974531
37061,"Duplin, NC",2914358
37063,"Durham, NC",53290883
37065,"Edgecombe, NC",1990601
37067,"Forsyth, NC",34372878
37069,"Franklin, NC",2883508
37071,"Gaston, NC",11264313
37073,"Gates, NC",239972
37075,"Graham, NC",329869
37077,"Granville, NC",4940852
37079,"Greene, NC",626342
37081,"Guilford, NC",46944911
37083,"Halifax, NC",1936341
37085,"Harnett, NC",3965133
37087,"Haywood, NC",2601131
37089,"Henderson, NC",6371806
37091,"Hertford, NC",1076494
37093,"Hoke, NC",1639789
37095,"Hyde, NC",230677
37097,"Iredell, NC",13548219
37099,"Jackson, NC",2187698
37101,"Johnston, NC",11573120
37103,"Jones, NC",306613
37105,"Lee, NC",4261327
37107,"Lenoir, NC",3627123
37109,"Lincoln, NC",4744844
37111,"McDowell, NC",2766678
37113,"Macon, NC",2129760
37115,"Madison, NC",632142
37117,"Martin, NC",808047
37119,"Mecklenburg, NC",186113840
37121,"Mitchell, NC",681302
37123,"Montgomery, NC",1469595
37125,"Moore, NC",5743342
37127,"Nash, NC",7178642
37129,"New Hanover, NC",21041119
37131,"Northampton, NC",738852
37133,"Onslow, NC",12501720
37135,"Orange, NC",13068681
37137,"Pamlico, NC",377958
37139,"Pasquotank, NC",2206320
37141,"Pender, NC",2516394
37143,"Perquimans, NC",391640
37145,"Person, NC",2102259
37147,"Pitt, NC",12528769
37149,"Polk, NC",734496
37151,"Randolph, NC",5991337
37153,"Richmond, NC",2619003
37155,"Robeson, NC",5044701
37157,"Rockingham, NC",3845577
37159,"Rowan, NC",7886078
37161,"Rutherford, NC",2490130
37163,"Sampson, NC",2548224
37165,"Scotland, NC",1559944
37167,"Stanly, NC",2784779
37169,"Stokes, NC",1756194
37171,"Surry, NC",3540033
37173,"Swain, NC",916286
37175,"Transylvania, NC",2391317
37177,"Tyrrell, NC",125672
37179,"Union, NC",13112505
37181,"Vance, NC",1688921
37183,"Wake, NC",128428188
37185,"Warren, NC",407259
37187,"Washington, NC",355690
37189,"Watauga, NC",3192591
37191,"Wayne, NC",6769497
37193,"Wilkes, NC",3233540
37195,"Wilson, NC",5166194
37197,"Yadkin, NC",1333638
37199,"Yancey, NC",605104
38001,"Adams, ND",169160
38003,"Barnes, ND",853036
38005,"Benson, ND",365508
38007,"Billings, ND",223992
38009,"Bottineau, ND",586147
38011,"Bowman, ND",250534
38013,"Burke, ND",292860
38015,"Burleigh, ND",7809487
38017,"Cass, ND",19104920
38019,"Cavalier, ND",589202
38021,"Dickey, ND",518762
38023,"Divide, ND",273402
38025,"Dunn, ND",1931499
38027,"Eddy, ND",221067
38029,"Emmons, ND",177575
38031,"Foster, ND",309104
38033,"Golden Valley, ND",118348
38035,"Grand Forks, ND",5920286
38037,"Grant, ND",104487
38039,"Griggs, ND",204084
38041,"Hettinger, ND",152049
38043,"Kidder, ND",188689
38045,"LaMoure, ND",341051
38047,"Logan, ND",128414
38049,"McHenry, ND",278696
38051,"McIntosh, ND",152404
38053,"McKenzie, ND",4354866
38055,"McLean, ND",1016292
38057,"Mercer, ND",1185255
38059,"Morton, ND",1977105
38061,"Mountrail, ND",2276891
38063,"Nelson, ND",233920
38065,"Oliver, ND",332391
38067,"Pembina, ND",813366
38069,"Pierce, ND",267355
38071,"Ramsey, ND",882990
38073,"Ransom, ND",386955
38075,"Renville, ND",232073
38077,"Richland, ND",1477961
38079,"Rolette, ND",595008
38081,"Sargent, ND",1783516
38083,"Sheridan, ND",68096
38085,"Sioux, ND",150626
38087,"Slope, ND",44749
38089,"Stark, ND",3604521
38091,"Steele, ND",213034
38093,"Stutsman, ND",1937993
38095,"Towner, ND",287486
38097,"Traill, ND",633981
38099,"Walsh, ND",1027020
38101,"Ward, ND",5093673
38103,"Wells, ND",443746
38105,"Williams, ND",7472626
39001,"Adams, OH",1066320
39003,"Allen, OH",11166792
39005,"Ashland, OH",2445748
39007,"Ashtabula, OH",4396048
39009,"Athens, OH",2745183
39011,"Auglaize, OH",3732714
39013,"Belmont, OH",3543827
39015,"Brown, OH",1207241
39017,"Butler, OH",29842050
39019,"Carroll, OH",1823055
39021,"Champaign, OH",1680441
39023,"Clark, OH",6090855
39025,"Clermont, OH",10606702
39027,"Clinton, OH",3129882
39029,"Columbiana, OH",4812810
39031,"Coshocton, OH",1662561
39033,"Crawford, OH",1760434
39035,"Cuyahoga, OH",135913887
39037,"Darke, OH",3389122
39039,"Defiance, OH",2162498
39041,"Delaware, OH",19132707
39043,"Erie, OH",5355801
39045,"Fairfield, OH",6849195
39047,"Fayette, OH",2261947
39049,"Franklin, OH",141972302
39051,"Fulton, OH",2611887
39053,"Gallia, OH",2336233
39055,"Geauga, OH",6127546
39057,"Greene, OH",14729584
39059,"Guernsey, OH",3691269
39061,"Hamilton, OH",107275150
39063,"Hancock, OH",7322911
39065,"Hardin, OH",1365350
39067,"Harrison, OH",1575750
39069,"Henry, OH",1581990
39071,"Highland, OH",1886910
39073,"Hocking, OH",842643
39075,"Holmes, OH",3809957
39077,"Huron, OH",2991424
39079,"Jackson, OH",1314490
39081,"Jefferson, OH",4364799
39083,"Knox, OH",3085167
39085,"Lake, OH",15716591
39087,"Lawrence, OH",2191900
39089,"Licking, OH",11122814
39091,"Logan, OH",2767359
39093,"Lorain, OH",15028762
39095,"Lucas, OH",33399664
39097,"Madison, OH",2973661
39099,"Mahoning, OH",12615309
39101,"Marion, OH",3595778
39103,"Medina, OH",10412969
39105,"Meigs, OH",506762
39107,"Mercer, OH",3995046
39109,"Miami, OH",6177700
39111,"Monroe, OH",1192902
39113,"Montgomery, OH",40096997
39115,"Morgan, OH",516100
39117,"Morrow, OH",909857
39119,"Muskingum, OH",5128840
39121,"Noble, OH",579637
39123,"Ottawa, OH",2597431
39125,"Paulding, OH",789995
39127,"Perry, OH",937164
39129,"Pickaway, OH",2577627
39131,"Pike, OH",1597086
39133,"Portage, OH",8793056
39135,"Preble, OH",1562751
39137,"Putnam, OH",1689853
39139,"Richland, OH",6004518
39141,"Ross, OH",3868624
39143,"Sandusky, OH",4098582
39145,"Scioto, OH",3481631
39147,"Seneca, OH",2753349
39149,"Shelby, OH",4067113
39151,"Stark, OH",23155954
39153,"Summit, OH",40349074
39155,"Trumbull, OH",9686777
39157,"Tuscarawas, OH",5338105
39159,"Union, OH",6199741
39161,"Van Wert, OH",1726005
39163,"Vinton, OH",513548
39165,"Warren, OH",18761883
39167,"Washington, OH",4760394
39169,"Wayne, OH",8952225
39171,"Williams, OH",2187381
39173,"Wood, OH",10692029
39175,"Wyandot, OH",1406827
40001,"Adair, OK",593321
40003,"Alfalfa, OK",410404
40005,"Atoka, OK",484672
40007,"Beaver, OK",535013
40009,"Beckham, OK",1260927
40011,"Blaine, OK",1385448
40013,"Bryan, OK",2640665
40015,"Caddo, OK",1234838
40017,"Canadian, OK",8255471
40019,"Carter, OK",3824848
40021,"Cherokee, OK",1929082
40023,"Choctaw, OK",589195
40025,"Cimarron, OK",263283
40027,"Cleveland, OK",12453235
40029,"Coal, OK",300173
40031,"Comanche, OK",6959394
40033,"Cotton, OK",208695
40035,"Craig, OK",589217
40037,"Creek, OK",2855485
40039,"Custer, OK",1811630
40041,"Delaware, OK",1335330
40043,"Dewey, OK",719708
40045,"Ellis, OK",1003076
40047,"Garfield, OK",3895564
40049,"Garvin, OK",2030876
40051,"Grady, OK",4046394
40053,"Grant, OK",311008
40055,"Greer, OK",126720
40057,"Harmon, OK",138890
40059,"Harper, OK",329005
40061,"Haskell, OK",442847
40063,"Hughes, OK",895170
40065,"Jackson, OK",1482112
40067,"Jefferson, OK",152117
40069,"Johnston, OK",590626
40071,"Kay, OK",2332648
40073,"Kingfisher, OK",2798071
40075,"Kiowa, OK",255373
40077,"Latimer, OK",324151
40079,"Le Flore, OK",1751455
40081,"Lincoln, OK",999357
40083,"Logan, OK",1267678
40085,"Love, OK",870592
40087,"McClain, OK",2259447
40089,"McCurtain, OK",1762134
40091,"McIntosh, OK",511657
40093,"Major, OK",632622
40095,"Marshall, OK",725442
40097,"Mayes, OK",2700193
40099,"Murray, OK",687906
40101,"Muskogee, OK",3724086
40103,"Noble, OK",844059
40105,"Nowata, OK",253185
40107,"Okfuskee, OK",304220
40109,"Oklahoma, OK",73735485
40111,"Okmulgee, OK",1163133
40113,"Osage, OK",1342743
40115,"Ottawa, OK",1437735
40117,"Pawnee, OK",457498
40119,"Payne, OK",4479467
40121,"Pittsburg, OK",2330695
40123,"Pontotoc, OK",2828293
40125,"Pottawatomie, OK",2821628
40127,"Pushmataha, OK",320125
40129,"Roger Mills, OK",430965
40131,"Rogers, OK",4880754
40133,"Seminole, OK",978237
40135,"Sequoyah, OK",997703
40137,"Stephens, OK",2926657
40139,"Texas, OK",2635464
40141,"Tillman, OK",183650
40143,"Tulsa, OK",59297961
40145,"Wagoner, OK",1997639
40147,"Washington, OK",4792412
40149,"Washita, OK",393379
40151,"Woods, OK",731048
40153,"Woodward, OK",1443733
41001,"Baker, OR",854511
41003,"Benton, OR",6267300
41005,"Clackamas, OR",30434938
41007,"Clatsop, OR",2638224
41009,"Columbia, OR",2079491
41011,"Coos, OR",3270956
41013,"Crook, OR",1782976
41015,"Curry, OR",963810
41017,"Deschutes, OR",16682815
41019,"Douglas, OR",5359749
41021,"Gilliam, OR",464584
41023,"Grant, OR",373332
41025,"Harney, OR",495753
41027,"Hood River, OR",1794936
41029,"Jackson, OR",13468756
41031,"Jefferson, OR",1150385
41033,"Josephine, OR",3924323
41035,"Klamath, OR",3626753
41037,"Lake, OR",481063
41039,"Lane, OR",23574282
41041,"Lincoln, OR",2766908
41043,"Linn, OR",6881395
41045,"Malheur, OR",1552941
41047,"Marion, OR",23936789
41049,"Morrow, OR",2101416
41051,"Multnomah, OR",90617607
41053,"Polk, OR",3143407
41055,"Sherman, OR",774026
41057,"Tillamook, OR",1475328
41059,"Umatilla, OR",4551580
41061,"Union, OR",1339653
41063,"Wallowa, OR",626564
41065,"Wasco, OR",2392971
41067,"Washington, OR",63190436
41069,"Wheeler, OR",52310
41071,"Yamhill, OR",5157864
42001,"Adams, PA",4729052
42003,"Allegheny, PA",132891899
42005,"Armstrong, PA",2797574
42007,"Beaver, PA",8032503
42009,"Bedford, PA",2040603
42011,"Berks, PA",26580119
42013,"Blair, PA",8000149
42015,"Bradford, PA",6798065
42017,"Bucks, PA",48826773
42019,"Butler, PA",14517627
42021,"Cambria, PA",6208141
42023,"Cameron, PA",267928
42025,"Carbon, PA",2798297
42027,"Centre, PA",11249015
42029,"Chester, PA",60160228
42031,"Clarion, PA",1431875
42033,"Clearfield, PA",4033114
42035,"Clinton, PA",1963098
42037,"Columbia, PA",3276472
42039,"Crawford, PA",3664748
42041,"Cumberland, PA",23098142
42043,"Dauphin, PA",28909442
42045,"Delaware, PA",42607881
42047,"Elk, PA",1830032
42049,"Erie, PA",15023861
42051,"Fayette, PA",5442345
42053,"Forest, PA",269719
42055,"Franklin, PA",8378505
42057,"Fulton, PA",831103
42059,"Greene, PA",4624079
42061,"Huntingdon, PA",1677126
42063,"Indiana, PA",4202047
42065,"Jefferson, PA",1883344
42067,"Juniata, PA",1025353
42069,"Lackawanna, PA",13421381
42071,"Lancaster, PA",39951127
42073,"Lawrence, PA",4199654
42075,"Lebanon, PA",8097401
42077,"Lehigh, PA",31738508
42079,"Luzerne, PA",20580464
42081,"Lycoming, PA",7698456
42083,"McKean, PA",2212470
42085,"Mercer, PA",5514791
42087,"Mifflin, PA",2340397
42089,"Monroe, PA",9563316
42091,"Montgomery, PA",110422372
42093,"Montour, PA",2784723
42095,"Northampton, PA",20981619
42097,"Northumberland, PA",4733247
42099,"Perry, PA",1361626
42101,"Philadelphia, PA",134988949
42103,"Pike, PA",2003244
42105,"Potter, PA",1064567
42107,"Schuylkill, PA",6491898
42109,"Snyder, PA",2202182
42111,"Somerset, PA",3037840
42113,"Sullivan, PA",326937
42115,"Susquehanna, PA",2615998
42117,"Tioga, PA",2073907
42119,"Union, PA",2510482
42121,"Venango, PA",2149235
42123,"Warren, PA",1726084
42125,"Washington, PA",18671970
42127,"Wayne, PA",2652215
42129,"Westmoreland, PA",19387551
42131,"Wyoming, PA",1865587
42133,"York, PA",28433485
44001,"Bristol, RI",2696982
44003,"Kent, RI",12418317
44005,"Newport, RI",8771344
44007,"Providence, RI",46726521
44009,"Washington, RI",9767982
45001,"Abbeville, SC",846101
45003,"Aiken, SC",10364699
45005,"Allendale, SC",398266
45007,"Anderson, SC",10558072
45009,"Bamberg, SC",510406
45011,"Barnwell, SC",700844
45013,"Beaufort, SC",12872955
45015,"Berkeley, SC",14302031
45017,"Calhoun, SC",910882
45019,"Charleston, SC",50461876
45021,"Cherokee, SC",2341786
45023,"Chester, SC",1821832
45025,"Chesterfield, SC",1901760
45027,"Clarendon, SC",962486
45029,"Colleton, SC",1497142
45031,"Darlington, SC",3415744
45033,"Dillon, SC",1038951
45035,"Dorchester, SC",6706364
45037,"Edgefield, SC",893897
45039,"Fairfield, SC",1422514
45041,"Florence, SC",9981118
45043,"Georgetown, SC",4015972
45045,"Greenville, SC",48737518
45047,"Greenwood, SC",4898796
45049,"Hampton, SC",692433
45051,"Horry, SC",22774481
45053,"Jasper, SC",2147521
45055,"Kershaw, SC",3416986
45057,"Lancaster, SC",5253075
45059,"Laurens, SC",2913878
45061,"Lee, SC",507305
45063,"Lexington, SC",19752180
45065,"McCormick, SC",330694
45067,"Marion, SC",900736
45069,"Marlboro, SC",965237
45071,"Newberry, SC",2034044
45073,"Oconee, SC",5242540
45075,"Orangeburg, SC",4007321
45077,"Pickens, SC",6019152
45079,"Richland, SC",37437887
45081,"Saluda, SC",643173
45083,"Spartanburg, SC",22979816
45085,"Sumter, SC",6287811
45087,"Union, SC",904840
45089,"Williamsburg, SC",1066621
45091,"York, SC",19234632
46003,"Aurora, SD",155797
46005,"Beadle, SD",1235517
46007,"Bennett, SD",142667
46009,"Bon Homme, SD",284430
46011,"Brookings, SD",3061772
46013,"Brown, SD",3155414
46015,"Brule, SD",335716
46017,"Buffalo, SD",95476
46019,"Butte, SD",474781
46021,"Campbell, SD",103498
46023,"Charles Mix, SD",599592
46025,"Clark, SD",337406
46027,"Clay, SD",877068
46029,"Codington, SD",2110638
46031,"Corson, SD",121118
46033,"Custer, SD",397639
46035,"Davison, SD",1724652
46037,"Day, SD",380745
46039,"Deuel, SD",553021
46041,"Dewey, SD",270552
46043,"Douglas, SD",269006
46045,"Edmunds, SD",257313
46047,"Fall River, SD",372043
46049,"Faulk, SD",169324
46051,"Grant, SD",831002
46053,"Gregory, SD",237714
46055,"Haakon, SD",132838
46057,"Hamlin, SD",424773
46059,"Hand, SD",282364
46061,"Hanson, SD",217246
46063,"Harding, SD",90683
46065,"Hughes, SD",1660528
46067,"Hutchinson, SD",555451
46069,"Hyde, SD",173002
46071,"Jackson, SD",107211
46073,"Jerauld, SD",171834
46075,"Jones, SD",85485
46077,"Kingsbury, SD",370004
46079,"Lake, SD",934408
46081,"Lawrence, SD",1847820
46083,"Lincoln, SD",8822794
46085,"Lyman, SD",194330
46087,"McCook, SD",406203
46089,"McPherson, SD",140969
46091,"Marshall, SD",453753
46093,"Meade, SD",1304608
46095,"Mellette, SD",71100
46097,"Miner, SD",176734
46099,"Minnehaha, SD",22447462
46101,"Moody, SD",485785
46102,"Oglala Lakota, SD*",432735
46103,"Pennington, SD",8688330
46105,"Perkins, SD",175636
46107,"Potter, SD",149160
46109,"Roberts, SD",562985
46111,"Sanborn, SD",157643
46115,"Spink, SD",549077
46117,"Stanley, SD",186137
46119,"Sully, SD",108449
46121,"Todd, SD",312791
46123,"Tripp, SD",353206
46125,"Turner, SD",612666
46127,"Union, SD",2261372
46129,"Walworth, SD",319294
46135,"Yankton, SD",1758949
46137,"Ziebach, SD",56063
47001,"Anderson, TN",7857718
47003,"Bedford, TN",2920940
47005,"Benton, TN",587498
47007,"Bledsoe, TN",361542
47009,"Blount, TN",9078870
47011,"Bradley, TN",6669180
47013,"Campbell, TN",1448809
47015,"Cannon, TN",430559
47017,"Carroll, TN",949298
47019,"Carter, TN",1556111
47021,"Cheatham, TN",1921152
47023,"Chester, TN",524146
47025,"Claiborne, TN",1099504
47027,"Clay, TN",329892
47029,"Cocke, TN",1210295
47031,"Coffee, TN",4183606
47033,"Crockett, TN",760941
47035,"Cumberland, TN",2729663
47037,"Davidson, TN",116878829
47039,"Decatur, TN",456719
47041,"DeKalb, TN",882911
47043,"Dickson, TN",2981493
47045,"Dyer, TN",2387258
47047,"Fayette, TN",2044105
47049,"Fentress, TN",769007
47051,"Franklin, TN",1833359
47053,"Gibson, TN",2016657
47055,"Giles, TN",1601291
47057,"Grainger, TN",753649
47059,"Greene, TN",3396401
47061,"Grundy, TN",343516
47063,"Hamblen, TN",4643148
47065,"Hamilton, TN",37279203
47067,"Hancock, TN",124461
47069,"Hardeman, TN",820820
47071,"Hardin, TN",1377335
47073,"Hawkins, TN",2436406
47075,"Haywood, TN",1331440
47077,"Henderson, TN",1063749
47079,"Henry, TN",1722545
47081,"Hickman, TN",716255
47083,"Houston, TN",213593
47085,"Humphreys, TN",1137844
47087,"Jackson, TN",291027
47089,"Jefferson, TN",2445587
47091,"Johnson, TN",596001
47093,"Knox, TN",43622858
47095,"Lake, TN",150507
47097,"Lauderdale, TN",954131
47099,"Lawrence, TN",1584901
47101,"Lewis, TN",495383
47103,"Lincoln, TN",1714193
47105,"Loudon, TN",3116889
47107,"McMinn, TN",2685079
47109,"McNairy, TN",786671
47111,"Macon, TN",848881
47113,"Madison, TN",8548148
47115,"Marion, TN",1191804
47117,"Marshall, TN",1606228
47119,"Maury, TN",7114993
47121,"Meigs, TN",352749
47123,"Monroe, TN",2217178
47125,"Montgomery, TN",9432892
47127,"Moore, TN",625070
47129,"Morgan, TN",461166
47131,"Obion, TN",1687845
47133,"Overton, TN",812075
47135,"Perry, TN",280054
47137,"Pickett, TN",210859
47139,"Polk, TN",482587
47141,"Putnam, TN",5269488
47143,"Rhea, TN",2982119
47145,"Roane, TN",3535652
47147,"Robertson, TN",3878142
47149,"Rutherford, TN",27629693
47151,"Scott, TN",699515
47153,"Sequatchie, TN",466061
47155,"Sevier, TN",7757228
47157,"Shelby, TN",88404225
47159,"Smith, TN",842870
47161,"Stewart, TN",1163645
47163,"Sullivan, TN",11879534
47165,"Sumner, TN",11893131
47167,"Tipton, TN",1763355
47169,"Trousdale, TN",305062
47171,"Unicoi, TN",813087
47173,"Union, TN",471934
47175,"Van Buren, TN",134194
47177,"Warren, TN",2003197
47179,"Washington, TN",9174144
47181,"Wayne, TN",545589
47183,"Weakley, TN",1407341
47185,"White, TN",1085099
47187,"Williamson, TN",38775668
47189,"Wilson, TN",10173782
48001,"Anderson, TX",2737991
48003,"Andrews, TX",5214513
48005,"Angelina, TX",4478455
48007,"Aransas, TX",961345
48009,"Archer, TX",428677
48011,"Armstrong, TX",106183
48013,"Atascosa, TX",4829994
48015,"Austin, TX",2381073
48017,"Bailey, TX",626048
48019,"Bandera, TX",550402
48021,"Bastrop, TX",4319503
48023,"Baylor, TX",234876
48025,"Bee, TX",1101328
48027,"Bell, TX",26057405
48029,"Bexar, TX",159588712
48031,"Blanco, TX",711252
48033,"Borden, TX",1075246
48035,"Bosque, TX",856906
48037,"Bowie, TX",5214488
48039,"Brazoria, TX",23375756
48041,"Brazos, TX",15745408
48043,"Brewster, TX",611319
48045,"Briscoe, TX",84788
48047,"Brooks, TX",312032
48049,"Brown, TX",2018423
48051,"Burleson, TX",1254714
48053,"Burnet, TX",2728129
48055,"Caldwell, TX",1559019
48057,"Calhoun, TX",5126816
48059,"Callahan, TX",552729
48061,"Cameron, TX",17386891
48063,"Camp, TX",538564
48065,"Carson, TX",1439602
48067,"Cass, TX",1478115
48069,"Castro, TX",1122015
48071,"Chambers, TX",3740246
48073,"Cherokee, TX",2079935
48075,"Childress, TX",342398
48077,"Clay, TX",433137
48079,"Cochran, TX",291099
48081,"Coke, TX",293857
48083,"Coleman, TX",280517
48085,"Collin, TX",115357858
48087,"Collingsworth, TX",104386
48089,"Colorado, TX",1206632
48091,"Comal, TX",12084370
48093,"Comanche, TX",671955
48095,"Concho, TX",290370
48097,"Cooke, TX",3432838
48099,"Coryell, TX",2244424
48101,"Cottle, TX",148271
48103,"Crane, TX",1124637
48105,"Crockett, TX",788384
48107,"Crosby, TX",259193
48109,"Culberson, TX",3827225
48111,"Dallam, TX",1021999
48113,"Dallas, TX",389402358
48115,"Dawson, TX",1524275
48117,"Deaf Smith, TX",2144337
48119,"Delta, TX",179081
48121,"Denton, TX",64328703
48123,"DeWitt, TX",4392575
48125,"Dickens, TX",115399
48127,"Dimmit, TX",3641222
48129,"Donley, TX",173180
48131,"Duval, TX",346579
48133,"Eastland, TX",905985
48135,"Ector, TX",16516019
48137,"Edwards, TX",76303
48139,"Ellis, TX",10768440
48141,"El Paso, TX",53332906
48143,"Erath, TX",2487069
48145,"Falls, TX",669023
48147,"Fannin, TX",1542465
48149,"Fayette, TX",2143210
48151,"Fisher, TX",422500
48153,"Floyd, TX",387876
48155,"Foard, TX",123222
48157,"Fort Bend, TX",49615352
48159,"Franklin, TX",657871
48161,"Freestone, TX",1277938
48163,"Frio, TX",1480278
48165,"Gaines, TX",2325781
48167,"Galveston, TX",26336617
48169,"Garza, TX",281558
48171,"Gillespie, TX",1783630
48173,"Glasscock, TX",4912628
48175,"Goliad, TX",355311
48177,"Gonzales, TX",3676091
48179,"Gray, TX",1442302
48181,"Grayson, TX",8370061
48183,"Gregg, TX",10511305
48185,"Grimes, TX",1501227
48187,"Guadalupe, TX",14545984
48189,"Hale, TX",1765637
48191,"Hall, TX",105819
48193,"Hamilton, TX",385907
48195,"Hansford, TX",901522
48197,"Hardeman, TX",267741
48199,"Hardin, TX",1853272
48201,"Harris, TX",592750582
48203,"Harrison, TX",5675679
48205,"Hartley, TX",1246367
48207,"Haskell, TX",427349
48209,"Hays, TX",15303461
48211,"Hemphill, TX",439848
48213,"Henderson, TX",2783746
48215,"Hidalgo, TX",31357426
48217,"Hill, TX",1721391
48219,"Hockley, TX",1916392
48221,"Hood, TX",3550404
48223,"Hopkins, TX",2661677
48225,"Houston, TX",1324619
48227,"Howard, TX",10018393
48229,"Hudspeth, TX",214607
48231,"Hunt, TX",6482879
48233,"Hutchinson, TX",10200146
48235,"Irion, TX",984644
48237,"Jack, TX",468351
48239,"Jackson, TX",772133
48241,"Jasper, TX",1418854
48243,"Jeff Davis, TX",105201
48245,"Jefferson, TX",27102208
48247,"Jim Hogg, TX",216279
48249,"Jim Wells, TX",1854944
48251,"Johnson, TX",9608658
48253,"Jones, TX",599546
48255,"Karnes, TX",7031215
48257,"Kaufman, TX",6966835
48259,"Kendall, TX",3532092
48261,"Kenedy, TX",266747
48263,"Kent, TX",296483
48265,"Kerr, TX",3192528
48267,"Kimble, TX",199774
48269,"King, TX",114317
48271,"Kinney, TX",162449
48273,"Kleberg, TX",1563473
48275,"Knox, TX",299042
48277,"Lamar, TX",3585462
48279,"Lamb, TX",1006062
48281,"Lampasas, TX",766090
48283,"La Salle, TX",3997813
48285,"Lavaca, TX",1525104
48287,"Lee, TX",1373491
48289,"Leon, TX",1147462
48291,"Liberty, TX",3304657
48293,"Limestone, TX",2179035
48295,"Lipscomb, TX",623691
48297,"Live Oak, TX",2817975
48299,"Llano, TX",1152296
48301,"Loving, TX",11482263
48303,"Lubbock, TX",19822420
48305,"Lynn, TX",353450
48307,"McCulloch, TX",439788
48309,"McLennan, TX",18479147
48311,"McMullen, TX",2212757
48313,"Madison, TX",741473
48315,"Marion, TX",392963
48317,"Martin, TX",16187329
48319,"Mason, TX",155595
48321,"Matagorda, TX",2904798
48323,"Maverick, TX",2534157
48325,"Medina, TX",1584940
48327,"Menard, TX",61654
48329,"Midland, TX",41546798
48331,"Milam, TX",951142
48333,"Mills, TX",350700
48335,"Mitchell, TX",467583
48337,"Montague, TX",798429
48339,"Montgomery, TX",50078587
48341,"Moore, TX",4992641
48343,"Morris, TX",868830
48345,"Motley, TX",48938
48347,"Nacogdoches, TX",3746918
48349,"Navarro, TX",2377616
48351,"Newton, TX",576325
48353,"Nolan, TX",1200589
48355,"Nueces, TX",27851611
48357,"Ochiltree, TX",1029449
48359,"Oldham, TX",404456
48361,"Orange, TX",5864298
48363,"Palo Pinto, TX",1287075
48365,"Panola, TX",2361143
48367,"Parker, TX",7566049
48369,"Parmer, TX",1416392
48371,"Pecos, TX",2675290
48373,"Polk, TX",1866374
48375,"Potter, TX",11378321
48377,"Presidio, TX",359575
48379,"Rains, TX",344504
48381,"Randall, TX",6117238
48383,"Reagan, TX",5146751
48385,"Real, TX",104714
48387,"Red River, TX",441771
48389,"Reeves, TX",14272302
48391,"Refugio, TX",484335
48393,"Roberts, TX",183499
48395,"Robertson, TX",3271418
48397,"Rockwall, TX",7865980
48399,"Runnels, TX",432033
48401,"Rusk, TX",2792844
48403,"Sabine, TX",393813
48405,"San Augustine, TX",780296
48407,"San Jacinto, TX",522737
48409,"San Patricio, TX",3781424
48411,"San Saba, TX",201871
48413,"Schleicher, TX",188700
48415,"Scurry, TX",2184494
48417,"Shackelford, TX",301635
48419,"Shelby, TX",1987568
48421,"Sherman, TX",657863
48423,"Smith, TX",16657238
48425,"Somervell, TX",1718275
48427,"Starr, TX",1559174
48429,"Stephens, TX",489038
48431,"Sterling, TX",281901
48433,"Stonewall, TX",141618
48435,"Sutton, TX",240738
48437,"Swisher, TX",672257
48439,"Tarrant, TX",178003332
48441,"Taylor, TX",9865588
48443,"Terrell, TX",57055
48445,"Terry, TX",610227
48447,"Throckmorton, TX",205644
48449,"Titus, TX",2752218
48451,"Tom Green, TX",8573455
48453,"Travis, TX",202653490
48455,"Trinity, TX",349505
48457,"Tyler, TX",683005
48459,"Upshur, TX",1152236
48461,"Upton, TX",7556841
48463,"Uvalde, TX",1256569
48465,"Val Verde, TX",2483962
48467,"Van Zandt, TX",1935400
48469,"Victoria, TX",6210408
48471,"Walker, TX",3147981
48473,"Waller, TX",6168074
48475,"Ward, TX",5273261
48477,"Washington, TX",3021832
48479,"Webb, TX",16130853
48481,"Wharton, TX",2721579
48483,"Wheeler, TX",394205
48485,"Wichita, TX",7674286
48487,"Wilbarger, TX",1005298
48489,"Willacy, TX",684467
48491,"Williamson, TX",44609827
48493,"Wilson, TX",1705465
48495,"Winkler, TX",2288739
48497,"Wise, TX",4249536
48499,"Wood, TX",2098814
48501,"Yoakum, TX",2525201
48503,"Young, TX",1359752
48505,"Zapata, TX",668376
48507,"Zavala, TX",934963
49001,"Beaver, UT",586522
49003,"Box Elder, UT",3553223
49005,"Cache, UT",9088221
49007,"Carbon, UT",1283641
49009,"Daggett, UT",146409
49011,"Davis, UT",23321544
49013,"Duchesne, UT",1858136
49015,"Emery, UT",1455689
49017,"Garfield, UT",417192
49019,"Grand, UT",938917
49021,"Iron, UT",3193337
49023,"Juab, UT",894939
49025,"Kane, UT",586159
49027,"Millard, UT",1494127
49029,"Morgan, UT",575445
49031,"Piute, UT",131217
49033,"Rich, UT",253359
49035,"Salt Lake, UT",153846066
49037,"San Juan, UT",823049
49039,"Sanpete, UT",1505574
49041,"Sevier, UT",1656953
49043,"Summit, UT",6079928
49045,"Tooele, UT",3249276
49047,"Uintah, UT",2879001
49049,"Utah, UT",47943081
49051,"Wasatch, UT",1875482
49053,"Washington, UT",11554806
49055,"Wayne, UT",160336
49057,"Weber, UT",18119626
50001,"Addison, VT",2305446
50003,"Bennington, VT",2382540
50005,"Caledonia, VT",1640810
50007,"Chittenden, VT",16403520
50009,"Essex, VT",182879
50011,"Franklin, VT",2856214
50013,"Grand Isle, VT",264956
50015,"Lamoille, VT",1653776
50017,"Orange, VT",1188034
50019,"Orleans, VT",1562643
50021,"Rutland, VT",3787056
50023,"Washington, VT",5191179
50025,"Windham, VT",3097732
50027,"Windsor, VT",3759287
51001,"Accomack, VA",2039420
51007,"Amelia, VA",394683
51009,"Amherst, VA",1099163
51011,"Appomattox, VA",475560
51013,"Arlington, VA",49077789
51017,"Bath, VA",327016
51019,"Bedford, VA*",2745970
51021,"Bland, VA",283471
51023,"Botetourt, VA",1882452
51025,"Brunswick, VA",1197193
51027,"Buchanan, VA",1396753
51029,"Buckingham, VA",697926
51033,"Caroline, VA",1263236
51036,"Charles City, VA",358325
51037,"Charlotte, VA",376451
51041,"Chesterfield, VA",24002409
51043,"Clarke, VA",611577
51045,"Craig, VA",151981
51047,"Culpeper, VA",2722883
51049,"Cumberland, VA",231862
51051,"Dickenson, VA",850508
51057,"Essex, VA",560372
51061,"Fauquier, VA",4154090
51063,"Floyd, VA",536038
51065,"Fluvanna, VA",1258570
51067,"Franklin, VA",2215915
51071,"Giles, VA",923357
51073,"Gloucester, VA",1361331
51075,"Goochland, VA",4001586
51077,"Grayson, VA",397981
51079,"Greene, VA",680982
51083,"Halifax, VA",1637780
51085,"Hanover, VA",9225446
51087,"Henrico, VA",37564811
51091,"Highland, VA",110642
51093,"Isle of Wight, VA",1653479
51097,"King and Queen, VA",218330
51099,"King George, VA",2903020
51101,"King William, VA",849877
51103,"Lancaster, VA",679095
51105,"Lee, VA",566586
51107,"Loudoun, VA",44855034
51109,"Louisa, VA",3107197
51111,"Lunenburg, VA",340524
51113,"Madison, VA",521495
51115,"Mathews, VA",260520
51117,"Mecklenburg, VA",1601727
51119,"Middlesex, VA",523034
51125,"Nelson, VA",700333
51127,"New Kent, VA",1080735
51131,"Northampton, VA",682139
51133,"Northumberland, VA",478308
51135,"Nottoway, VA",700559
51137,"Orange, VA",1620375
51139,"Page, VA",891976
51141,"Patrick, VA",534990
51145,"Powhatan, VA",1259984
51147,"Prince Edward, VA",995469
51155,"Pulaski, VA",1890875
51157,"Rappahannock, VA",389844
51159,"Richmond, VA",396194
51167,"Russell, VA",903730
51169,"Scott, VA",610155
51171,"Shenandoah, VA",2270220
51173,"Smyth, VA",1349452
51179,"Stafford, VA",8345038
51181,"Surry, VA",1485320
51183,"Sussex, VA",439003
51185,"Tazewell, VA",1715826
51187,"Warren, VA",2557193
51193,"Westmoreland, VA",665998
51197,"Wythe, VA",1891175
51510,"Alexandria (Independent City), VA",18000090
51550,"Chesapeake (Independent City), VA",15246579
51650,"Hampton (Independent City), VA",9153841
51700,"Newport News (Independent City), VA",18793031
51710,"Norfolk (Independent City), VA",26766672
51740,"Portsmouth (Independent City), VA",7777384
51760,"Richmond (Independent City), VA",35105659
51770,"Roanoke (Independent City), VA",10060668
51800,"Suffolk (Independent City), VA",5716324
51810,"Virginia Beach (Independent City), VA",32879166
51901,"Albemarle + Charlottesville, VA*",17628007
51903,"Alleghany + Covington, VA*",1104904
51907,"Augusta, Staunton + Waynesboro, VA*",7200737
51911,"Campbell + Lynchburg, VA*",9874108
51913,"Carroll + Galax, VA*",1307956
51918,"Dinwiddie, Colonial Heights + Petersburg, VA*",4135275
51919,"Fairfax, Fairfax City + Falls Church, VA*",177534419
51921,"Frederick + Winchester, VA*",9856542
51923,"Greensville + Emporia, VA*",1999831
51929,"Henry + Martinsville, VA*",3039067
51931,"James City + Williamsburg, VA*",7584067
51933,"Montgomery + Radford, VA*",7786162
51939,"Pittsylvania + Danville, VA*",4824472
51941,"Prince George + Hopewell, VA*",5241494
51942,"Prince William, Manassas + Manassas Park, VA*",31739547
51944,"Roanoke + Salem, VA*",8249854
51945,"Rockbridge, Buena Vista + Lexington, VA*",1818261
51947,"Rockingham + Harrisonburg, VA*",10661178
51949,"Southampton + Franklin, VA*",1020517
51951,"Spotsylvania + Fredericksburg, VA*",10208116
51953,"Washington + Bristol, VA*",4509372
51955,"Wise + Norton, VA*",2163459
51958,"York + Poquoson, VA*",3996744
53001,"Adams, WA",1442850
53003,"Asotin, WA",984824
53005,"Benton, WA",16919154
53007,"Chelan, WA",7131873
53009,"Clallam, WA",3824896
53011,"Clark, WA",33424754
53013,"Columbia, WA",498101
53015,"Cowlitz, WA",7230651
53017,"Douglas, WA",2849723
53019,"Ferry, WA",278576
53021,"Franklin, WA",5777365
53023,"Garfield, WA",220644
53025,"Grant, WA",8582739
53027,"Grays Harbor, WA",3829348
53029,"Island, WA",4664275
53031,"Jefferson, WA",1865884
53033,"King, WA",477154354
53035,"Kitsap, WA",18349039
53037,"Kittitas, WA",2641203
53039,"Klickitat, WA",2329106
53041,"Lewis, WA",5122314
53043,"Lincoln, WA",685106
53045,"Mason, WA",2457985
53047,"Okanogan, WA",2352670
53049,"Pacific, WA",1033442
53051,"Pend Oreille, WA",767715
53053,"Pierce, WA",64941171
53055,"San Juan, WA",1233411
53057,"Skagit, WA",9574268
53059,"Skamania, WA",432412
53061,"Snohomish, WA",61969883
53063,"Spokane, WA",40044301
53065,"Stevens, WA",1754272
53067,"Thurston, WA",21563339
53069,"Wahkiakum, WA",132762
53071,"Walla Walla, WA",4582911
53073,"Whatcom, WA",20639594
53075,"Whitman, WA",3378484
53077,"Yakima, WA",13348165
54001,"Barbour, WV",781125
54003,"Berkeley, WV",6086768
54005,"Boone, WV",1087509
54007,"Braxton, WV",417247
54009,"Brooke, WV",1316858
54011,"Cabell, WV",6662530
54013,"Calhoun, WV",148645
54015,"Clay, WV",213327
54017,"Doddridge, WV",665188
54019,"Fayette, WV",1577557
54021,"Gilmer, WV",230273
54023,"Grant, WV",618756
54025,"Greenbrier, WV",1454061
54027,"Hampshire, WV",562588
54029,"Hancock, WV",1248575
54031,"Hardy, WV",1029883
54033,"Harrison, WV",6047637
54035,"Jackson, WV",1065621
54037,"Jefferson, WV",3037044
54039,"Kanawha, WV",14447639
54041,"Lewis, WV",724108
54043,"Lincoln, WV",333373
54045,"Logan, WV",2101201
54047,"McDowell, WV",727825
54049,"Marion, WV",3048466
54051,"Marshall, WV",3675795
54053,"Mason, WV",1093491
54055,"Mercer, WV",2336526
54057,"Mineral, WV",1072905
54059,"Mingo, WV",967852
54061,"Monongalia, WV",9410922
54063,"Monroe, WV",309408
54065,"Morgan, WV",412670
54067,"Nicholas, WV",883179
54069,"Ohio, WV",5056663
54071,"Pendleton, WV",232574
54073,"Pleasants, WV",574900
54075,"Pocahontas, WV",352548
54077,"Preston, WV",1012032
54079,"Putnam, WV",3831697
54081,"Raleigh, WV",4532090
54083,"Randolph, WV",1144594
54085,"Ritchie, WV",715813
54087,"Roane, WV",366507
54089,"Summers, WV",271178
54091,"Taylor, WV",853948
54093,"Tucker, WV",405906
54095,"Tyler, WV",1454307
54097,"Upshur, WV",1053405
54099,"Wayne, WV",1347424
54101,"Webster, WV",179223
54103,"Wetzel, WV",1371215
54105,"Wirt, WV",92779
54107,"Wood, WV",4742729
54109,"Wyoming, WV",1087065
55001,"Adams, WI",760907
55003,"Ashland, WI",929137
55005,"Barron, WI",2993765
55007,"Bayfield, WI",586789
55009,"Brown, WI",25708818
55011,"Buffalo, WI",730944
55013,"Burnett, WI",750878
55015,"Calumet, WI",2314602
55017,"Chippewa, WI",3854267
55019,"Clark, WI",1919301
55021,"Columbia, WI",4274101
55023,"Crawford, WI",902395
55025,"Dane, WI",62805670
55027,"Dodge, WI",5047693
55029,"Door, WI",1999737
55031,"Douglas, WI",2401917
55033,"Dunn, WI",2580986
55035,"Eau Claire, WI",8430251
55037,"Florence, WI",172011
55039,"Fond du Lac, WI",6749318
55041,"Forest, WI",430323
55043,"Grant, WI",2998992
55045,"Green, WI",2497277
55047,"Green Lake, WI",904244
55049,"Iowa, WI",1660270
55051,"Iron, WI",235342
55053,"Jackson, WI",1372133
55055,"Jefferson, WI",4923014
55057,"Juneau, WI",1232965
55059,"Kenosha, WI",10427570
55061,"Kewaunee, WI",1081895
55063,"La Crosse, WI",9934220
55065,"Lafayette, WI",931893
55067,"Langlade, WI",1012194
55069,"Lincoln, WI",1744470
55071,"Manitowoc, WI",5402244
55073,"Marathon, WI",11882101
55075,"Marinette, WI",2380718
55077,"Marquette, WI",587629
55078,"Menominee, WI",219216
55079,"Milwaukee, WI",78804158
55081,"Monroe, WI",3006155
55083,"Oconto, WI",1351476
55085,"Oneida, WI",2431611
55087,"Outagamie, WI",17223719
55089,"Ozaukee, WI",7073476
55091,"Pepin, WI",384591
55093,"Pierce, WI",1544637
55095,"Polk, WI",2185050
55097,"Portage, WI",5836351
55099,"Price, WI",742889
55101,"Racine, WI",11724471
55103,"Richland, WI",1003698
55105,"Rock, WI",10849146
55107,"Rusk, WI",726751
55109,"St. Croix, WI",6014624
55111,"Sauk, WI",5577205
55113,"Sawyer, WI",966497
55115,"Shawano, WI",1743509
55117,"Sheboygan, WI",9430969
55119,"Taylor, WI",1109066
55121,"Trempealeau, WI",1888643
55123,"Vernon, WI",1540413
55125,"Vilas, WI",1342438
55127,"Walworth, WI",6422650
55129,"Washburn, WI",799536
55131,"Washington, WI",9202250
55133,"Waukesha, WI",42029760
55135,"Waupaca, WI",2506755
55137,"Waushara, WI",919431
55139,"Winnebago, WI",13881100
55141,"Wood, WI",5263420
56001,"Albany, WY",2359534
56003,"Big Horn, WY",767530
56005,"Campbell, WY",6628397
56007,"Carbon, WY",1915586
56009,"Converse, WY",2012274
56011,"Crook, WY",458132
56013,"Fremont, WY",2121494
56015,"Goshen, WY",591725
56017,"Hot Springs, WY",301211
56019,"Johnson, WY",562223
56021,"Laramie, WY",8439115
56023,"Lincoln, WY",1288203
56025,"Natrona, WY",6881718
56027,"Niobrara, WY",166376
56029,"Park, WY",2174113
56031,"Platte, WY",663401
56033,"Sheridan, WY",2313875
56035,"Sublette, WY",937171
56037,"Sweetwater, WY",4010134
56039,"Teton, WY",4915523
56041,"Uinta, WY",1114667
56043,"Washakie, WY",446511
56045,"Weston, WY",429228
,,
Legend/Footnotes,,
"* Estimates from 2008 forward separate Skagway-Hoonah-Angoon Census Area (02232) into Skagway Municipality (02230) and Hoonah-Angoon Census Area (02105). Estimates from 2009 forward separate Wrangell-Petersburg Census Area (02280) into Petersburg Census Area and Wrangell City and Borough (02275). In addition, a part of the Prince of Wales-Outer Ketchikan Census Area (02201) was annexed by Ketchikan Gateway Borough (02130) and part (Meyers Chuck Area) was included in the new Wrangell City and Borough (02275). The remainder of the Prince of Wales-Outer Ketchikan Census Area (02201) was renamed Prince of Wales-Hyder Census Area (02198). Petersburg Borough (02195) was created from part of former Petersburg Census Area and part of Hoonah-Angoon Census Area (02105) for 2013 forward. Prince of Wales-Hyder Census Area (02198) added part of the former Petersburg Census Area beginning in 2013. For years 2009-2012, Petersburg Borough (02195) reflects the geographic boundaries of the former Petersburg Census Area.",,
"* Wade Hampton Census Area was renamed Kusilvak Census Area (02158) on July 1, 2015.",,
"* On January 2, 2019, two new county equivalents were created from the former Valdez-Cordova Census Area, Alaska (02261): Chugach Census Area (02063) and Copper River Census Area (02066). Estimates for 2020 forward reflect these changes.",,
"* Broomfield County, CO, was created from parts of Adams, Boulder, Jefferson, and Weld counties effective November 15, 2001. Estimates for Broomfield county begin with 2002.",,
"* Kalawao County, Hawaii is combined with Maui County. Separate estimates for the jurisdictions making up the combination areas are not available.",,
"* Shannon County, SD was renamed to Oglala Lakota County, SD on May 1, 2015.",,
"* Virginia combination areas consist of one or two independent cities with 1980 populations of less than 100,000 combined with an adjacent county. The county name appears first, followed by the city name(s). Separate estimates for the jurisdictions making up the combination area are not available. Bedford County, VA includes the independent city of Bedford for all years.",,
* Estimates for 2024 forward reflect Connecticut county-level statistics using the state’s nine planning regions.,,
(NA) Not available.,,
"  Last updated: February 5, 2026-- new statistics for 2024; revised statistics for 2020-2023.",,
