"STATEFIP","CD","TOTAL_POP","TOTAL_TAXMAX_POP","TAX_RATE","TAX_RATE_CF","full_name","party","stab","GEOID"
1,1,271283,10801,0.34947287063897,0.391892617477801,"Barry Moore","Republican","AL","0101"
1,2,252719,9974,0.344101054959534,0.383334317067909,"Shomari Figures","Democrat","AL","0102"
1,3,260677,6883,0.347861640738225,0.386065563322028,"Mike Rogers","Republican","AL","0103"
1,4,268347,8356,0.346688966311247,0.388268215619866,"Robert B. Aderholt","Republican","AL","0104"
1,5,314294,16443,0.344137676636832,0.378389027301158,"Dale W. Strong","Republican","AL","0105"
1,6,304243,19800,0.34239208317602,0.377420547161481,"Gary J. Palmer","Republican","AL","0106"
1,7,261965,10302,0.341499249274569,0.370990659662974,"Terri A. Sewell","Democrat","AL","0107"
2,0,320706,16904,0.317306232115326,0.36000105938531,"Nicholas J. Begich III","Republican","AK","0200"
4,1,387233,48493,0.349222060272791,0.390300563007011,"David Schweikert","Republican","AZ","0401"
4,2,290604,9863,0.347888683733749,0.383315217039104,"Elijah Crane","Republican","AZ","0402"
4,3,356026,11979,0.345074075014845,0.375787832794675,"Yassamin Ansari","Democrat","AZ","0403"
4,4,365000,19744,0.33968627739173,0.371806238718495,"Greg Stanton","Democrat","AZ","0404"
4,5,361979,33371,0.343337790517101,0.382591616628192,"Andy Biggs","Republican","AZ","0405"
4,6,313168,18698,0.345444328465567,0.381548690059412,"Juan Ciscomani","Republican","AZ","0406"
4,7,316360,7810,0.339853243984744,0.370173125106996,"Adelita S. Grijalva","Democrat","AZ","0407"
4,8,344368,20531,0.345343716935871,0.383159240317338,"Abraham J. Hamadeh","Republican","AZ","0408"
4,9,331029,15184,0.341222141800422,0.381540590245914,"Paul A. Gosar","Republican","AZ","0409"
5,1,261905,6122,0.370986113323457,0.411982004506626,"Eric A. ""Rick"" Crawford","Republican","AR","0501"
5,2,304695,9835,0.367158193247519,0.403086669923506,"J. French Hill","Republican","AR","0502"
5,3,334593,19843,0.368918813969178,0.411353269532174,"Steve Womack","Republican","AR","0503"
5,4,261023,5911,0.372958933417078,0.411322152812684,"Bruce Westerman","Republican","AR","0504"
6,1,259293,9596,0.372240628998927,0.402264188956531,"James Gallagher","Republican","CA","0601"
6,2,280866,43108,0.380310969089971,0.414969803342176,"Jared Huffman","Democrat","CA","0602"
6,3,316493,41048,0.374273086835989,0.409564885560927,"Kevin Kiley","Independent","CA","0603"
6,4,300250,29403,0.374554296270204,0.4069482141611,"Mike Thompson","Democrat","CA","0604"
6,5,292914,22863,0.371626503229717,0.40372845431271,"Tom McClintock","Republican","CA","0605"
6,6,310626,16470,0.370781905000865,0.397811832411551,"Ami Bera","Democrat","CA","0606"
6,7,315087,18711,0.374054298980293,0.405686795496182,"Doris O. Matsui","Democrat","CA","0607"
6,8,314807,24347,0.375793518608369,0.405778104403669,"John Garamendi","Democrat","CA","0608"
6,9,301158,17997,0.367841481790542,0.396297238613433,"Josh Harder","Democrat","CA","0609"
6,10,324233,78024,0.37646732690417,0.415771289459671,"Mark DeSaulnier","Democrat","CA","0610"
6,11,384808,118787,0.393252644421773,0.433246792473834,"Nancy Pelosi","Democrat","CA","0611"
6,12,348156,60860,0.382386755131713,0.417601990149624,"Lateefah Simon","Democrat","CA","0612"
6,13,278218,10521,0.368742659901832,0.398034611911765,"Adam Gray","Democrat","CA","0613"
6,14,346712,66236,0.375221378877236,0.408795649676991,"Vacant",NA,NA,"0614"
6,15,345720,85291,0.385794865747081,0.426857207018506,"Kevin Mullin","Democrat","CA","0615"
6,16,349251,116943,0.389851457976162,0.43563728746748,"Sam T. Liccardo","Democrat","CA","0616"
6,17,375422,118510,0.384163531714281,0.42389853636254,"Ro Khanna","Democrat","CA","0617"
6,18,331288,37987,0.379656081202669,0.414409386994381,"Zoe Lofgren","Democrat","CA","0618"
6,19,313756,52219,0.381523692967747,0.420767801478522,"Jimmy Panetta","Democrat","CA","0619"
6,20,290672,14661,0.369095728828139,0.400631593795038,"Vince Fong","Republican","CA","0620"
6,21,261687,7666,0.372362357027832,0.408477972015789,"Jim Costa","Democrat","CA","0621"
6,22,259079,5437,0.379558129629093,0.414551229942321,"David G. Valadao","Republican","CA","0622"
6,23,274095,11109,0.372845871267518,0.404688357702802,"Jay Obernolte","Republican","CA","0623"
6,24,284763,24672,0.379463968913053,0.417133139041553,"Salud O. Carbajal","Democrat","CA","0624"
6,25,277650,8392,0.376683680610728,0.410215883569047,"Raul Ruiz","Democrat","CA","0625"
6,26,314141,39053,0.37864420669963,0.417925115885137,"Julia Brownley","Democrat","CA","0626"
6,27,284158,21396,0.372681314866294,0.406466949609848,"George Whitesides","Democrat","CA","0627"
6,28,321363,38682,0.374902895641112,0.408381677145845,"Judy Chu","Democrat","CA","0628"
6,29,298303,14727,0.38018100716136,0.414240221192259,"Luz M. Rivas","Democrat","CA","0629"
6,30,349423,41961,0.38571986156559,0.422468164165193,"Laura Friedman","Democrat","CA","0630"
6,31,288237,13214,0.362755213116774,0.389540032438387,"Gilbert Ray Cisneros, Jr.","Democrat","CA","0631"
6,32,328969,48722,0.389711354966397,0.432859370604763,"Brad Sherman","Democrat","CA","0632"
6,33,302506,10466,0.36838741820373,0.401419932417702,"Pete Aguilar","Democrat","CA","0633"
6,34,325587,21857,0.384757955247552,0.412996360954336,"Jimmy Gomez","Democrat","CA","0634"
6,35,322864,13809,0.369433542414907,0.401221955445509,"Norma J. Torres","Democrat","CA","0635"
6,36,352748,79047,0.390030294847562,0.430957340797805,"Ted Lieu","Democrat","CA","0636"
6,37,289698,23083,0.382652648118038,0.417412073199461,"Sydney Kamlager-Dove","Democrat","CA","0637"
6,38,302829,18030,0.368989644674289,0.399903073707317,"Linda T. Sánchez","Democrat","CA","0638"
6,39,310589,11109,0.370311918340032,0.40118399174519,"Mark Takano","Democrat","CA","0639"
6,40,337935,51165,0.377374624369273,0.412441398320395,"Young Kim","Republican","CA","0640"
6,41,308730,19995,0.373185254398966,0.405298632716979,"Ken Calvert","Republican","CA","0641"
6,42,305553,14374,0.374375360758967,0.408280649584924,"Robert Garcia","Democrat","CA","0642"
6,43,288971,11263,0.377353795295307,0.404615128169524,"Maxine Waters","Democrat","CA","0643"
6,44,300025,16582,0.375638441169648,0.407011621361404,"Nanette Diaz Barragán","Democrat","CA","0644"
6,45,310039,22957,0.373176528616902,0.404476569944054,"Derek Tran","Democrat","CA","0645"
6,46,327236,13513,0.36353255072359,0.388547388874353,"J. Luis Correa","Democrat","CA","0646"
6,47,334435,57207,0.380089930619924,0.416483556319519,"Dave Min","Democrat","CA","0647"
6,48,319455,27753,0.37155988501051,0.405659594376374,"Darrell Issa","Republican","CA","0648"
6,49,334053,48500,0.377260066839741,0.414000006741424,"Mike Levin","Democrat","CA","0649"
6,50,360990,60434,0.380774851068584,0.418703490438048,"Scott H. Peters","Democrat","CA","0650"
6,51,334530,38080,0.375484567154122,0.409115176543399,"Sara Jacobs","Democrat","CA","0651"
6,52,325779,13296,0.378633785421116,0.411225162378362,"Juan Vargas","Democrat","CA","0652"
8,1,396163,47435,0.353630820878983,0.388178470827568,"Diana DeGette","Democrat","CO","0801"
8,2,331072,38326,0.35457597529779,0.393157439654862,"Joe Neguse","Democrat","CO","0802"
8,3,291862,13637,0.35783604042287,0.396520205731043,"Jeff Hurd","Republican","CO","0803"
8,4,355522,40937,0.354815187665204,0.396135694435277,"Lauren Boebert","Republican","CO","0804"
8,5,327642,18608,0.349973205815265,0.383795638076819,"Jeff Crank","Republican","CO","0805"
8,6,362228,26293,0.352285350512296,0.385168944648023,"Jason Crow","Democrat","CO","0806"
8,7,339399,34129,0.354014754418866,0.391238976835975,"Brittany Pettersen","Democrat","CO","0807"
8,8,356346,15012,0.349949053621713,0.386810558348046,"Gabe Evans","Republican","CO","0808"
9,1,332083,23373,0.367855961949166,0.404645311105989,"John B. Larson","Democrat","CT","0901"
9,2,323770,22453,0.367609037753737,0.405074639429536,"Joe Courtney","Democrat","CT","0902"
9,3,321453,26107,0.370581967236196,0.408205413574141,"Rosa L. DeLauro","Democrat","CT","0903"
9,4,318696,63541,0.376599330240286,0.423507773162269,"James A. Himes","Democrat","CT","0904"
9,5,326389,23861,0.365607726161752,0.401680012294897,"Jahana Hayes","Democrat","CT","0905"
10,0,433985,25211,0.360481684479524,0.391119949842762,"Sarah McBride","Democrat","DE","1000"
11,98,358514,66743,0.385253321771421,0.419749367717695,"Eleanor Holmes Norton","Democrat","DC","1198"
12,1,324945,12386,0.320593566196709,0.367235776859592,"Jimmy Patronis","Republican","FL","1201"
12,2,310475,12228,0.31809783410385,0.358495770597221,"Neal P. Dunn","Republican","FL","1202"
12,3,285952,12482,0.314142673550272,0.354467154186311,"Kat Cammack","Republican","FL","1203"
12,4,341559,11587,0.31836023915695,0.358537672712696,"Aaron Bean","Republican","FL","1204"
12,5,386476,32941,0.311086501022664,0.350077332198122,"John H. Rutherford","Republican","FL","1205"
12,6,297862,12310,0.313798161425585,0.351797432376069,"Randy Fine","Republican","FL","1206"
12,7,346639,20247,0.31030016059548,0.346067125354301,"Cory Mills","Republican","FL","1207"
12,8,311097,18600,0.312334256569962,0.346490627787426,"Mike Haridopolos","Republican","FL","1208"
12,9,389529,13578,0.313369938818667,0.34630013695805,"Darren Soto","Democrat","FL","1209"
12,10,355661,20589,0.313814816741691,0.35052647779695,"Maxwell Frost","Democrat","FL","1210"
12,11,335969,21349,0.31401953494857,0.351907796644523,"Daniel Webster","Republican","FL","1211"
12,12,308771,12611,0.308890308183168,0.34227244461091,"Gus M. Bilirakis","Republican","FL","1212"
12,13,317035,18063,0.316125605099137,0.353387972948205,"Anna Paulina Luna","Republican","FL","1213"
12,14,384560,33019,0.317899515735885,0.358138543803583,"Kathy Castor","Democrat","FL","1214"
12,15,361029,18299,0.313400862054702,0.352221512451854,"Laurel M. Lee","Republican","FL","1215"
12,16,358908,20376,0.31291240072585,0.350628334395894,"Vern Buchanan","Republican","FL","1216"
12,17,306099,18685,0.321941790760324,0.364720501029319,"W. Gregory Steube","Republican","FL","1217"
12,18,332366,6697,0.314475566259161,0.351610980254583,"Scott Franklin","Republican","FL","1218"
12,19,311716,24362,0.321065072667402,0.365909516822851,"Byron Donalds","Republican","FL","1219"
12,20,358091,18479,0.311440686630074,0.347752249326425,"Vacant",NA,NA,"1220"
12,21,318512,21317,0.3148898399805,0.355116523414683,"Brian J. Mast","Republican","FL","1221"
12,22,324635,23835,0.31620136360623,0.353286767278515,"Lois Frankel","Democrat","FL","1222"
12,23,337588,30197,0.312524034616045,0.352135657600335,"Jared Moskowitz","Democrat","FL","1223"
12,24,343657,23468,0.320337493099901,0.366762022109337,"Frederica S. Wilson","Democrat","FL","1224"
12,25,350425,27897,0.312041766681022,0.34994336442498,"Debbie Wasserman Schultz","Democrat","FL","1225"
12,26,337446,16846,0.315312870663266,0.357122526922842,"Mario Diaz-Balart","Republican","FL","1226"
12,27,351412,39826,0.317306088738668,0.359355729675295,"Maria Elvira Salazar","Republican","FL","1227"
12,28,334496,12079,0.309419188420516,0.344869669358553,"Carlos A. Gimenez","Republican","FL","1228"
13,1,315379,11470,0.361252405724734,0.394351090836846,"Earl L. ""Buddy"" Carter","Republican","GA","1301"
13,2,270016,6650,0.364827973181634,0.398809707972366,"Sanford D. Bishop, Jr.","Democrat","GA","1302"
13,3,318169,17033,0.36412354270799,0.400655164494555,"Brian Jack","Republican","GA","1303"
13,4,340961,23262,0.363290838305284,0.398954047516013,"Henry C. ""Hank"" Johnson, Jr.","Democrat","GA","1304"
13,5,359035,36579,0.370098590673298,0.407637700496018,"Nikema Williams","Democrat","GA","1305"
13,6,381951,39838,0.36925121420142,0.409066416442359,"Lucy McBath","Democrat","GA","1306"
13,7,364099,64463,0.364706789345665,0.403850306721676,"Richard McCormick","Republican","GA","1307"
13,8,278296,7512,0.372603161962763,0.418960987566269,"Austin Scott","Republican","GA","1308"
13,9,338539,16535,0.361856674012507,0.395622365396806,"Andrew S. Clyde","Republican","GA","1309"
13,10,340209,13436,0.364163974638422,0.40051263490656,"Mike Collins","Republican","GA","1310"
13,11,355343,35982,0.362867445826242,0.399933452707237,"Barry Loudermilk","Republican","GA","1311"
13,12,291574,8455,0.367912814920228,0.40253535302866,"Rick W. Allen","Republican","GA","1312"
13,13,337182,12393,0.360985948460969,0.394902786922218,"Vacant",NA,NA,"1313"
13,14,326362,11885,0.364432109050673,0.406798753974048,"Clay Fuller","Republican","GA","1314"
15,1,325282,16339,0.39130895701773,0.42917589025908,"Ed Case","Democrat","HI","1501"
15,2,299249,14817,0.391941130929046,0.425611009324191,"Jill N. Tokuda","Democrat","HI","1502"
16,1,396889,22439,0.365572043333373,0.403029361752783,"Russ Fulcher","Republican","ID","1601"
16,2,383641,16889,0.366929218553711,0.407621508046785,"Michael K. Simpson","Republican","ID","1602"
17,1,288743,15228,0.355666601261396,0.390477259541951,"Jonathan L. Jackson","Democrat","IL","1701"
17,2,278921,8902,0.354516584064461,0.386480719069807,"Robin L. Kelly","Democrat","IL","1702"
17,3,343106,27125,0.358186197900602,0.391628185401748,"Delia C. Ramirez","Democrat","IL","1703"
17,4,303831,15017,0.356576851835715,0.393062689667407,"Jesús G. ""Chuy"" García","Democrat","IL","1704"
17,5,396315,54508,0.361808650613526,0.402325416196723,"Mike Quigley","Democrat","IL","1705"
17,6,311406,28285,0.357534337970285,0.398441554056132,"Sean Casten","Democrat","IL","1706"
17,7,373746,45463,0.367559919833983,0.408851137008112,"Danny K. Davis","Democrat","IL","1707"
17,8,342595,24924,0.354255206896611,0.388370779244352,"Raja Krishnamoorthi","Democrat","IL","1708"
17,9,344615,41921,0.361415899495401,0.400521932075419,"Janice D. Schakowsky","Democrat","IL","1709"
17,10,333019,41981,0.361439515635541,0.398228970166376,"Bradley Scott Schneider","Democrat","IL","1710"
17,11,348315,33228,0.356524505619886,0.394423585152468,"Bill Foster","Democrat","IL","1711"
17,12,285437,6012,0.358639959152923,0.393494968928836,"Mike Bost","Republican","IL","1712"
17,13,306127,12134,0.360919189903836,0.39713923971074,"Nikki Budzinski","Democrat","IL","1713"
17,14,339225,16063,0.349547573776953,0.380798160475879,"Lauren Underwood","Democrat","IL","1714"
17,15,293056,7359,0.36307662938659,0.402869863398296,"Mary E. Miller","Republican","IL","1715"
17,16,304407,12756,0.353594067988302,0.386214648526304,"Darin LaHood","Republican","IL","1716"
17,17,288923,10593,0.358385553911714,0.393477951971128,"Eric Sorensen","Democrat","IL","1717"
18,1,302792,13479,0.346010924218413,0.387989826554095,"Frank J. Mrvan","Democrat","IN","1801"
18,2,297825,7658,0.340262702049331,0.377566249263437,"Rudy Yakym III","Republican","IN","1802"
18,3,321131,10479,0.348889067583419,0.391685777502158,"Marlin A. Stutzman","Republican","IN","1803"
18,4,334153,15521,0.340010776670538,0.373243219436795,"James R. Baird","Republican","IN","1804"
18,5,326103,27252,0.343504106036428,0.381371286566669,"Victoria Spartz","Republican","IN","1805"
18,6,330168,11443,0.345606019416829,0.382965570756227,"Jefferson Shreve","Republican","IN","1806"
18,7,335505,15305,0.343946957997455,0.375121347384448,"André Carson","Democrat","IN","1807"
18,8,300761,8018,0.349152420641719,0.395806969836128,"Mark B. Messmer","Republican","IN","1808"
18,9,321655,9719,0.342708984593222,0.378483849797705,"Erin Houchin","Republican","IN","1809"
19,1,324973,10476,0.36527029342227,0.406508136169293,"Mariannette Miller-Meeks","Republican","IA","1901"
19,2,335747,7870,0.364661466698261,0.39744639566686,"Ashley Hinson","Republican","IA","1902"
19,3,381375,14462,0.364562747105912,0.403692796460906,"Zachary Nunn","Republican","IA","1903"
19,4,321602,7899,0.364509617478034,0.402487863235646,"Randy Feenstra","Republican","IA","1904"
20,1,301644,7683,0.370263032798812,0.416123870826468,"Tracey Mann","Republican","KS","2001"
20,2,300678,7667,0.360890189336349,0.39824327062676,"Derek Schmidt","Republican","KS","2002"
20,3,348472,33660,0.362380140464443,0.402932643634848,"Sharice Davids","Democrat","KS","2003"
20,4,298175,12800,0.367452682232972,0.408824601434014,"Ron Estes","Republican","KS","2004"
21,1,278798,6375,0.362984887591758,0.397826621390788,"James Comer","Republican","KY","2101"
21,2,310945,9880,0.359581020709032,0.399074995865322,"Brett Guthrie","Republican","KY","2102"
21,3,318796,16438,0.366762131688152,0.407627540941338,"Morgan McGarvey","Democrat","KY","2103"
21,4,318816,16931,0.357908131263493,0.39750808983998,"Thomas Massie","Republican","KY","2104"
21,5,222809,2506,0.361606588350191,0.398769859274696,"Harold Rogers","Republican","KY","2105"
21,6,317179,11867,0.365874618534395,0.409466757733121,"Andy Barr","Republican","KY","2106"
22,1,310658,17840,0.354095477272155,0.392946868198484,"Steve Scalise","Republican","LA","2201"
22,2,288552,14952,0.355569815646616,0.392891230121494,"Troy A. Carter","Democrat","LA","2202"
22,3,276135,14788,0.348005933976059,0.380537541286943,"Clay Higgins","Republican","LA","2203"
22,4,258757,9082,0.350265916842044,0.385501409814733,"Mike Johnson","Republican","LA","2204"
22,5,286911,11997,0.345305138072192,0.379529091582969,"Julia Letlow","Republican","LA","2205"
22,6,256662,9686,0.357808088669902,0.398633759991912,"Cleo Fields","Democrat","LA","2206"
23,1,310229,20591,0.378458631756991,0.418440013934467,"Chellie Pingree","Democrat","ME","2301"
23,2,269243,9761,0.375445052043783,0.40922183197149,"Jared F. Golden","Democrat","ME","2302"
24,1,346848,21073,0.355147505145717,0.382437092384223,"Andy Harris","Republican","MD","2401"
24,2,338932,27752,0.353290045423116,0.383523792609358,"Johnny Olszewski, Jr.","Democrat","MD","2402"
24,3,372481,51018,0.351290663068021,0.380780979040545,"Sarah Elfreth","Democrat","MD","2403"
24,4,350573,16994,0.357099999385317,0.385760292967017,"Glenn Ivey","Democrat","MD","2404"
24,5,380653,36869,0.350061416991199,0.374660200297439,"Steny H. Hoyer","Democrat","MD","2405"
24,6,363129,32303,0.352844985329079,0.382282055083318,"April McClain Delaney","Democrat","MD","2406"
24,7,327793,16121,0.355760746946559,0.387259225047972,"Kweisi Mfume","Democrat","MD","2407"
24,8,362667,70296,0.355264380228566,0.388422196296935,"Jamie Raskin","Democrat","MD","2408"
25,1,319951,15810,0.356805977797623,0.385895559446395,"Richard E. Neal","Democrat","MA","2501"
25,2,349662,30761,0.352887945668237,0.382971905294083,"James P. McGovern","Democrat","MA","2502"
25,3,359839,36451,0.353681703114989,0.386030542636406,"Lori Trahan","Democrat","MA","2503"
25,4,371093,50042,0.355501823904837,0.391397305857147,"Jake Auchincloss","Democrat","MA","2504"
25,5,392846,71304,0.35839798615035,0.394929957374804,"Katherine M. Clark","Democrat","MA","2505"
25,6,366451,47031,0.355906032782622,0.392679361475217,"Seth Moulton","Democrat","MA","2506"
25,7,396384,44184,0.362880956385321,0.398332018469471,"Ayanna Pressley","Democrat","MA","2507"
25,8,389515,47525,0.357514934765606,0.393619519939047,"Stephen F. Lynch","Democrat","MA","2508"
25,9,340659,30111,0.359603706036309,0.396341330899297,"William R. Keating","Democrat","MA","2509"
26,1,285434,8191,0.35303856637946,0.392362899710741,"Jack Bergman","Republican","MI","2601"
26,2,292462,9045,0.355876586752126,0.394872676784204,"John R. Moolenaar","Republican","MI","2602"
26,3,341884,16712,0.353305598798681,0.395847106923739,"Hillary J. Scholten","Democrat","MI","2603"
26,4,317414,14960,0.351566701869998,0.39213596936625,"Bill Huizenga","Republican","MI","2604"
26,5,301687,9984,0.349409906190419,0.383639597788486,"Tim Walberg","Republican","MI","2605"
26,6,334640,33515,0.347452459400054,0.383073879616003,"Debbie Dingell","Democrat","MI","2606"
26,7,330918,16972,0.358783174899536,0.405880103066604,"Tom Barrett","Republican","MI","2607"
26,8,289538,7961,0.358983490284973,0.397362587745405,"Kristen McDonald Rivet","Democrat","MI","2608"
26,9,319501,20191,0.34938912013426,0.385634276927738,"Lisa C. McClain","Republican","MI","2609"
26,10,329288,14379,0.359119452989753,0.400567925131111,"John James","Republican","MI","2610"
26,11,356766,35310,0.355943703434695,0.397298330586369,"Haley M. Stevens","Democrat","MI","2611"
26,12,267446,9499,0.35381921625338,0.39568037286829,"Rashida Tlaib","Democrat","MI","2612"
26,13,262707,9961,0.352575972363798,0.388145256146329,"Shri Thanedar","Democrat","MI","2613"
27,1,315360,12846,0.3791339064224,0.41906666804506,"Brad Finstad","Republican","MN","2701"
27,2,349084,26095,0.370871505974181,0.403901127563932,"Angie Craig","Democrat","MN","2702"
27,3,345364,41021,0.371641963870674,0.405329705742937,"Kelly Morrison","Democrat","MN","2703"
27,4,319031,20221,0.37859576455627,0.415482978091761,"Betty McCollum","Democrat","MN","2704"
27,5,342722,25704,0.382076525842319,0.41876438182798,"Ilhan Omar","Democrat","MN","2705"
27,6,355218,18216,0.367702885724485,0.399604395384082,"Tom Emmer","Republican","MN","2706"
27,7,293158,7963,0.375255954092413,0.412583861404198,"Michelle Fischbach","Republican","MN","2707"
27,8,295049,11118,0.368928288435294,0.403581367261606,"Pete Stauber","Republican","MN","2708"
28,1,281313,8925,0.36119056368014,0.402433543240801,"Trent Kelly","Republican","MS","2801"
28,2,246899,7357,0.365493538543664,0.41010406301381,"Bennie G. Thompson","Democrat","MS","2802"
28,3,277041,8026,0.364260903295735,0.40483654210567,"Michael Guest","Republican","MS","2803"
28,4,281390,10903,0.3614536790757,0.404995380910477,"Mike Ezell","Republican","MS","2804"
29,1,323370,15910,0.371038195042399,0.414638037272559,"Wesley Bell","Democrat","MO","2901"
29,2,331096,34413,0.357014790232409,0.395228982567856,"Ann Wagner","Republican","MO","2902"
29,3,339426,16380,0.358351056901514,0.396729538412138,"Robert F. Onder, Jr.","Republican","MO","2903"
29,4,308307,10118,0.363272408101833,0.405816794327283,"Mark Alford","Republican","MO","2904"
29,5,336989,13653,0.368585684754983,0.41708106016569,"Emanuel Cleaver","Democrat","MO","2905"
29,6,317171,11513,0.354393723062948,0.389743354812312,"Sam Graves","Republican","MO","2906"
29,7,314424,10589,0.366789533458185,0.410935212666952,"Eric Burlison","Republican","MO","2907"
29,8,289944,4458,0.360719128355672,0.403770330675693,"Jason Smith","Republican","MO","2908"
30,1,241649,9664,0.378045431926362,0.42131448757474,"Ryan K. Zinke","Republican","MT","3001"
30,2,218786,7385,0.377305579991667,0.423286712761982,"Troy Downing","Republican","MT","3002"
31,1,285945,9072,0.370060237322025,0.410173794757934,"Mike Flood","Republican","NE","3101"
31,2,299969,18466,0.37137214121588,0.41011051888084,"Don Bacon","Republican","NE","3102"
31,3,260218,6073,0.376321251200891,0.425204211053695,"Adrian Smith","Republican","NE","3103"
32,1,329190,13510,0.322238857996636,0.364639011883915,"Dina Titus","Democrat","NV","3201"
32,2,335774,17330,0.316261008834231,0.357272070870275,"Mark E. Amodei","Republican","NV","3202"
32,3,369970,22510,0.320591933119501,0.364303439171444,"Susie Lee","Democrat","NV","3203"
32,4,336991,9736,0.316697855597126,0.356374559113517,"Steven Horsford","Democrat","NV","3204"
33,1,326915,26738,0.309621253484438,0.343444111902217,"Chris Pappas","Democrat","NH","3301"
33,2,317839,25101,0.313712039096055,0.350678894037004,"Maggie Goodlander","Democrat","NH","3302"
34,1,350878,20907,0.35396539061681,0.385827533177785,"Donald Norcross","Democrat","NJ","3401"
34,2,320907,16090,0.361543243404561,0.398338567671285,"Jefferson Van Drew","Republican","NJ","3402"
34,3,360767,39357,0.353530095297262,0.386910573954333,"Herbert C. Conaway, Jr.","Democrat","NJ","3403"
34,4,313808,31434,0.348854226958789,0.384312234527577,"Christopher H. Smith","Republican","NJ","3404"
34,5,356663,54798,0.359177660877914,0.399444257803027,"Josh Gottheimer","Democrat","NJ","3405"
34,6,353414,36657,0.353282477426052,0.385536200404722,"Frank Pallone, Jr.","Democrat","NJ","3406"
34,7,371180,57896,0.353388056480882,0.388717754064747,"Thomas H. Kean, Jr.","Republican","NJ","3407"
34,8,366424,47040,0.363096989568108,0.398472946317672,"Robert Menendez","Democrat","NJ","3408"
34,9,339332,22509,0.355408964485624,0.387578799991807,"Nellie Pou","Democrat","NJ","3409"
34,10,336336,30467,0.35733742223863,0.391082852687351,"LaMonica McIver","Democrat","NJ","3410"
34,11,371350,62081,0.359126361152086,0.398951001727949,"Analilia Mejia","Democrat","NJ","3411"
34,12,362873,51725,0.349806462554016,0.382898436310181,"Bonnie Watson Coleman","Democrat","NJ","3412"
35,1,285649,16383,0.349895291495201,0.381927657296115,"Melanie A. Stansbury","Democrat","NM","3501"
35,2,255452,8100,0.357807066107296,0.395239656033605,"Gabe Vasquez","Democrat","NM","3502"
35,3,248595,11911,0.353090316857567,0.389001456692864,"Teresa Leger Fernandez","Democrat","NM","3503"
36,1,333631,41075,0.371588741365721,0.410114924534463,"Nick LaLota","Republican","NY","3601"
36,2,354646,24095,0.363363949099925,0.393108353636824,"Andrew R. Garbarino","Republican","NY","3602"
36,3,320015,56344,0.37470548329124,0.417444125594488,"Thomas R. Suozzi","Democrat","NY","3603"
36,4,346932,35535,0.37169515790871,0.412307457197789,"Laura Gillen","Democrat","NY","3604"
36,5,298745,13043,0.367996139590784,0.401032542357298,"Gregory W. Meeks","Democrat","NY","3605"
36,6,305057,22486,0.374056498943663,0.408923925935909,"Grace Meng","Democrat","NY","3606"
36,7,367529,51066,0.376245427971095,0.41043926955777,"Nydia M. Velázquez","Democrat","NY","3607"
36,8,278450,20999,0.371365178705319,0.407737184550441,"Hakeem S. Jeffries","Democrat","NY","3608"
36,9,291359,21117,0.372005870336666,0.407802429289252,"Yvette D. Clarke","Democrat","NY","3609"
36,10,358268,89123,0.382642928718904,0.42676426940661,"Daniel S. Goldman","Democrat","NY","3610"
36,11,309113,15771,0.366762200113527,0.400628810595774,"Nicole Malliotakis","Republican","NY","3611"
36,12,429297,147633,0.387566602624298,0.43541975768927,"Jerrold Nadler","Democrat","NY","3612"
36,13,297034,23579,0.38133296280345,0.423270691585701,"Adriano Espaillat","Democrat","NY","3613"
36,14,287276,14539,0.374319254365925,0.407275197995989,"Alexandria Ocasio-Cortez","Democrat","NY","3614"
36,15,246636,5345,0.383690979041299,0.434622997169618,"Ritchie Torres","Democrat","NY","3615"
36,16,343679,55867,0.379303444130268,0.425069304869946,"George Latimer","Democrat","NY","3616"
36,17,309574,49009,0.368853107768042,0.406817040612556,"Michael Lawler","Republican","NY","3617"
36,18,318892,22482,0.374362355535306,0.413430032674448,"Patrick Ryan","Democrat","NY","3618"
36,19,293179,14710,0.375393388615393,0.411730984066459,"Josh Riley","Democrat","NY","3619"
36,20,343783,18520,0.372266702893049,0.411435659603621,"Paul Tonko","Democrat","NY","3620"
36,21,295321,10464,0.374544181627832,0.416041189006832,"Elise M. Stefanik","Republican","NY","3621"
36,22,306890,15016,0.371528825070354,0.406979028392957,"John W. Mannion","Democrat","NY","3622"
36,23,307108,14284,0.370260295284796,0.40700110902827,"Nicholas A. Langworthy","Republican","NY","3623"
36,24,312042,10259,0.368527634029615,0.401331514111733,"Claudia Tenney","Republican","NY","3624"
36,25,325197,17182,0.371329829732797,0.405023751953142,"Joseph D. Morelle","Democrat","NY","3625"
36,26,311234,12978,0.368684442885998,0.401634784589637,"Timothy M. Kennedy","Democrat","NY","3626"
37,1,292408,7458,0.35700011980443,0.388573029650937,"Donald G. Davis","Democrat","NC","3701"
37,2,384737,41225,0.359953073512047,0.399584744468118,"Deborah K. Ross","Democrat","NC","3702"
37,3,302293,9378,0.366844359248285,0.410602621586554,"Gregory F. Murphy","Republican","NC","3703"
37,4,364684,42652,0.359729890598124,0.397320073700061,"Valerie P. Foushee","Democrat","NC","3704"
37,5,288243,10532,0.360998114916361,0.400948061534188,"Virginia Foxx","Republican","NC","3705"
37,6,317103,11059,0.358998680106194,0.391401721079767,"Addison P. McDowell","Republican","NC","3706"
37,7,312649,13296,0.362663768265109,0.399714493675487,"David Rouzer","Republican","NC","3707"
37,8,333940,26174,0.356818819992386,0.392168441594331,"Mark Harris","Republican","NC","3708"
37,9,304409,9695,0.364624289146747,0.402812845841258,"Richard Hudson","Republican","NC","3709"
37,10,321549,20780,0.360993853895447,0.402125803772441,"Pat Harrigan","Republican","NC","3710"
37,11,290363,14373,0.366084519873559,0.408163032086841,"Chuck Edwards","Republican","NC","3711"
37,12,383292,33343,0.365868500936666,0.403649194754803,"Alma S. Adams","Democrat","NC","3712"
37,13,336815,19661,0.354919365096145,0.386007528030767,"Brad Knott","Republican","NC","3713"
37,14,341760,25506,0.36592562373525,0.408852762573753,"Tim Moore","Republican","NC","3714"
38,0,345630,14205,0.328951840443093,0.373184135472528,"Julie Fedorchak","Republican","ND","3800"
39,1,353985,30306,0.344596664090448,0.382348032273461,"Greg Landsman","Democrat","OH","3901"
39,2,302548,10262,0.356698307112311,0.40719328839071,"David J. Taylor","Republican","OH","3902"
39,3,359566,20726,0.346356772143266,0.385491807517821,"Joyce Beatty","Democrat","OH","3903"
39,4,328516,17207,0.346865473499709,0.387445738494038,"Jim Jordan","Republican","OH","3904"
39,5,328462,11213,0.341171938652677,0.378017577228016,"Robert E. Latta","Republican","OH","3905"
39,6,289448,7731,0.336662414879402,0.37153776647606,"Michael A. Rulli","Republican","OH","3906"
39,7,341322,21131,0.346396909169776,0.385160921716327,"Max L. Miller","Republican","OH","3907"
39,8,328490,13950,0.345613237657015,0.383298314092432,"Warren Davidson","Republican","OH","3908"
39,9,313920,11294,0.349381655751538,0.392462506717758,"Marcy Kaptur","Democrat","OH","3909"
39,10,322118,9696,0.346395006000991,0.383757210159142,"Michael R. Turner","Republican","OH","3910"
39,11,309576,14088,0.351081386583739,0.391745220885941,"Shontel M. Brown","Democrat","OH","3911"
39,12,320867,12533,0.338806915136543,0.370533104248883,"Troy Balderson","Republican","OH","3912"
39,13,323328,13172,0.345670773887719,0.38403893557524,"Emilia Strong Sykes","Democrat","OH","3913"
39,14,325723,13137,0.343111914037729,0.381606724434096,"David P. Joyce","Republican","OH","3914"
39,15,356989,18386,0.34835482744273,0.392113367855776,"Mike Carey","Republican","OH","3915"
40,1,331150,18724,0.361342384851794,0.405506863361055,"Kevin Hern","Republican","OK","4001"
40,2,275666,6756,0.356736452042454,0.393413378613948,"Josh Brecheen","Republican","OK","4002"
40,3,300884,8175,0.357977928888417,0.390286946918305,"Frank D. Lucas","Republican","OK","4003"
40,4,313585,7994,0.356575992146192,0.39576994234272,"Tom Cole","Republican","OK","4004"
40,5,341239,18579,0.360438660002602,0.400211753439191,"Stephanie I. Bice","Republican","OK","4005"
41,1,324843,30585,0.385826147872992,0.417637438342805,"Suzanne Bonamici","Democrat","OR","4101"
41,2,260783,10751,0.390313156581549,0.428457975789374,"Cliff Bentz","Republican","OR","4102"
41,3,327342,20887,0.392523909024404,0.425021397480165,"Maxine Dexter","Democrat","OR","4103"
41,4,266198,9272,0.401540410703491,0.44140445759221,"Val T. Hoyle","Democrat","OR","4104"
41,5,311020,22175,0.393511214329512,0.430868912586036,"Janelle S. Bynum","Democrat","OR","4105"
41,6,301224,16140,0.392293110213463,0.429783190198972,"Andrea Salinas","Democrat","OR","4106"
42,1,345165,36717,0.340014131086115,0.378606730747028,"Brian K. Fitzpatrick","Republican","PA","4201"
42,2,293016,9858,0.336573291127096,0.361147662061212,"Brendan F. Boyle","Democrat","PA","4202"
42,3,335450,21176,0.344636868530891,0.37863160167182,"Dwight Evans","Democrat","PA","4203"
42,4,352298,39412,0.34087857939141,0.37746949888207,"Madeleine Dean","Democrat","PA","4204"
42,5,321472,38283,0.343199699460209,0.381437854556111,"Mary Gay Scanlon","Democrat","PA","4205"
42,6,341136,45349,0.338449806727886,0.375468396222798,"Chrissy Houlahan","Democrat","PA","4206"
42,7,328012,16190,0.34312142109566,0.380564791761858,"Ryan Mackenzie","Republican","PA","4207"
42,8,303147,12109,0.345446893777059,0.384256471133481,"Robert P. Bresnahan, Jr.","Republican","PA","4208"
42,9,304287,8764,0.336465198426271,0.370084742385034,"Daniel Meuser","Republican","PA","4209"
42,10,331286,15467,0.343720398743931,0.384744769351042,"Scott Perry","Republican","PA","4210"
42,11,328379,14684,0.342760681569459,0.382617963607481,"Lloyd Smucker","Republican","PA","4211"
42,12,323553,23458,0.342355173710764,0.3789737549295,"Summer L. Lee","Democrat","PA","4212"
42,13,303188,6174,0.34360680429137,0.383252974105087,"John Joyce","Republican","PA","4213"
42,14,296606,12046,0.337154373490686,0.370310990294118,"Guy Reschenthaler","Republican","PA","4214"
42,15,273980,6266,0.341010185164309,0.379310280697636,"Glenn Thompson","Republican","PA","4215"
42,16,291423,14624,0.344556976416026,0.385240865890988,"Mike Kelly","Republican","PA","4216"
42,17,335887,25046,0.343108548057445,0.383891621985447,"Christopher R. Deluzio","Democrat","PA","4217"
44,1,238509,15503,0.359276935036543,0.397049983924142,"Gabe Amo","Democrat","RI","4401"
44,2,243283,18433,0.354772993567622,0.391243231031229,"Seth Magaziner","Democrat","RI","4402"
45,1,341560,26789,0.371658567950753,0.409135297861487,"Nancy Mace","Republican","SC","4501"
45,2,318087,12133,0.374112709107238,0.413283169143776,"Joe Wilson","Republican","SC","4502"
45,3,288181,11075,0.379116245032182,0.420921591757364,"Sheri Biggs","Republican","SC","4503"
45,4,340696,17942,0.368779991520426,0.405370797787783,"William R. Timmons IV","Republican","SC","4504"
45,5,323856,14933,0.373849318543369,0.410296123236174,"Ralph Norman","Republican","SC","4505"
45,6,309569,12960,0.373866884732028,0.411597861515789,"James E. Clyburn","Democrat","SC","4506"
45,7,264987,8736,0.373857166932911,0.416958660616192,"Russell Fry","Republican","SC","4507"
46,0,393722,10471,0.324687403929134,0.376377520616438,"Dusty Johnson","Republican","SD","4600"
47,1,296622,6853,0.319375590763977,0.358963406241033,"Diana Harshbarger","Republican","TN","4701"
47,2,334400,14675,0.312379003121469,0.34683455154734,"Tim Burchett","Republican","TN","4702"
47,3,318778,13808,0.315096492997414,0.354207413658817,"Charles J. ""Chuck"" Fleischmann","Republican","TN","4703"
47,4,334522,10705,0.313845059238926,0.349874834310537,"Scott DesJarlais","Republican","TN","4704"
47,5,375796,32257,0.310396947633781,0.347720715046025,"Andrew Ogles","Republican","TN","4705"
47,6,329526,13576,0.309488579350369,0.343107954251796,"John W. Rose","Republican","TN","4706"
47,7,354128,22447,0.312033903025079,0.344624233233741,"Matt Van Epps","Republican","TN","4707"
47,8,292250,13283,0.310206543989483,0.34788164109051,"David Kustoff","Republican","TN","4708"
47,9,290192,15419,0.325133788748726,0.375296469908907,"Steve Cohen","Democrat","TN","4709"
48,1,283155,10930,0.313042653619417,0.353852352674804,"Nathaniel Moran","Republican","TX","4801"
48,2,358461,32612,0.310643242982492,0.350099421937839,"Dan Crenshaw","Republican","TX","4802"
48,3,421552,48119,0.307282199723122,0.342547199782709,"Keith Self","Republican","TX","4803"
48,4,373971,38354,0.308914009393328,0.34627651496808,"Pat Fallon","Republican","TX","4804"
48,5,334772,8669,0.300684326931452,0.326858280238103,"Lance Gooden","Republican","TX","4805"
48,6,337731,15130,0.304845290393261,0.336830778947298,"Jake Ellzey","Republican","TX","4806"
48,7,343582,41664,0.316245060947798,0.35967896889701,"Lizzie Fletcher","Democrat","TX","4807"
48,8,368703,29678,0.305663591888087,0.336139657923627,"Morgan Luttrell","Republican","TX","4808"
48,9,309785,18933,0.310087023957686,0.347031266861798,"Al Green","Democrat","TX","4809"
48,10,343983,34859,0.308521980684054,0.343157736952402,"Michael T. McCaul","Republican","TX","4810"
48,11,307192,16930,0.305726382137001,0.339138043804513,"August Pfluger","Republican","TX","4811"
48,12,361513,20310,0.313791709277893,0.354646295664462,"Craig A. Goldman","Republican","TX","4812"
48,13,318789,12283,0.306981423532849,0.340013644230778,"Ronny Jackson","Republican","TX","4813"
48,14,304866,19260,0.308710932136744,0.33957360210057,"Randy K. Weber, Sr.","Republican","TX","4814"
48,15,266289,6913,0.304498068535768,0.334327137012089,"Monica De La Cruz","Republican","TX","4815"
48,16,287286,6081,0.305751090578201,0.341767490542195,"Veronica Escobar","Democrat","TX","4816"
48,17,318103,17197,0.311119254303782,0.348604559543495,"Pete Sessions","Republican","TX","4817"
48,18,325471,22550,0.318702660471537,0.35803528168246,"Christian D. Menefee","Democrat","TX","4818"
48,19,297872,10881,0.310890574919161,0.344070104166066,"Jodey C. Arrington","Republican","TX","4819"
48,20,309683,8419,0.311761949426852,0.348169338531917,"Joaquin Castro","Democrat","TX","4820"
48,21,362625,32414,0.312641150406344,0.353232880968899,"Chip Roy","Republican","TX","4821"
48,22,383430,43137,0.305888050141494,0.340546482350259,"Troy E. Nehls","Republican","TX","4822"
48,23,309511,13553,0.311856875275126,0.349308399151186,"Vacant",NA,NA,"4823"
48,24,361394,44097,0.313156184428787,0.353997607060158,"Beth Van Duyne","Republican","TX","4824"
48,25,334779,15087,0.310931079329619,0.345685244646542,"Roger Williams","Republican","TX","4825"
48,26,409416,46022,0.306131275369263,0.338543341807108,"Brandon Gill","Republican","TX","4826"
48,27,296411,10491,0.313032377509524,0.349991128919956,"Michael Cloud","Republican","TX","4827"
48,28,300564,6297,0.31014145516097,0.346598436510116,"Henry Cuellar","Democrat","TX","4828"
48,29,283799,13466,0.315465517282188,0.352145819848124,"Sylvia R. Garcia","Democrat","TX","4829"
48,30,318078,16349,0.315499666923835,0.350882372152046,"Jasmine Crockett","Democrat","TX","4830"
48,31,370458,27352,0.30806787434253,0.342738888232334,"John R. Carter","Republican","TX","4831"
48,32,364781,30785,0.312105762201719,0.34900143696965,"Julie Johnson","Democrat","TX","4832"
48,33,334253,17399,0.318140964334955,0.361011068234703,"Marc A. Veasey","Democrat","TX","4833"
48,34,252581,4472,0.307863388008421,0.340892045673139,"Vicente Gonzalez","Democrat","TX","4834"
48,35,382565,22025,0.312853649447827,0.346241892166119,"Greg Casar","Democrat","TX","4835"
48,36,297365,14666,0.308614621798121,0.34190272527877,"Brian Babin","Republican","TX","4836"
48,37,403325,66479,0.316252419971691,0.354545349672988,"Lloyd Doggett","Democrat","TX","4837"
48,38,350845,40449,0.310538935232713,0.348410987302752,"Wesley Hunt","Republican","TX","4838"
49,1,381695,23185,0.353703881696164,0.387004792569245,"Blake D. Moore","Republican","UT","4901"
49,2,363968,18160,0.353553510160645,0.386784118382336,"Celeste Maloy","Republican","UT","4902"
49,3,337280,25010,0.357203436932036,0.396778782178519,"Mike Kennedy","Republican","UT","4903"
49,4,395500,24098,0.347498826785631,0.381685976212152,"Burgess Owens","Republican","UT","4904"
50,0,291970,14833,0.377653737182908,0.420055757352681,"Becca Balint","Democrat","VT","5000"
51,1,343775,29326,0.366116743441371,0.405730348004571,"Robert J. Wittman","Republican","VA","5101"
51,2,354335,17285,0.363002975725061,0.398782760248136,"Jennifer A. Kiggans","Republican","VA","5102"
51,3,340604,9882,0.363359321613588,0.393691381463312,"Robert C. ""Bobby"" Scott","Democrat","VA","5103"
51,4,357720,20269,0.364126594843113,0.398693142257977,"Jennifer L. McClellan","Democrat","VA","5104"
51,5,309521,16242,0.364764709493879,0.399604208282391,"John J. McGuire III","Republican","VA","5105"
51,6,324030,12391,0.371166620903318,0.416118006483188,"Ben Cline","Republican","VA","5106"
51,7,361483,29434,0.356730317344733,0.383340323578182,"Eugene Simon Vindman","Democrat","VA","5107"
51,8,406558,76557,0.364629978149599,0.399273808576429,"Donald S. Beyer, Jr.","Democrat","VA","5108"
51,9,279178,8653,0.364911832689389,0.401257928014478,"H. Morgan Griffith","Republican","VA","5109"
51,10,380654,69844,0.355444778936217,0.384399424681451,"Suhas Subramanyam","Democrat","VA","5110"
51,11,386003,74642,0.358501159657639,0.389701563945616,"James R. Walkinshaw","Democrat","VA","5111"
53,1,387955,83951,0.312005603052273,0.349255854689545,"Suzan K. DelBene","Democrat","WA","5301"
53,2,341536,24832,0.312752210004546,0.34891016686354,"Rick Larsen","Democrat","WA","5302"
53,3,340433,20657,0.310652268294742,0.344181833770078,"Marie Gluesenkamp Perez","Democrat","WA","5303"
53,4,301337,13642,0.309238053434333,0.344067699737875,"Dan Newhouse","Republican","WA","5304"
53,5,317407,15395,0.307914900701559,0.340481395651648,"Michael Baumgartner","Republican","WA","5305"
53,6,327530,20511,0.309562685287315,0.342605788100418,"Emily Randall","Democrat","WA","5306"
53,7,448295,93506,0.318084309814074,0.357788310865407,"Pramila Jayapal","Democrat","WA","5307"
53,8,343173,54610,0.309846682417567,0.347949886940195,"Kim Schrier","Democrat","WA","5308"
53,9,369335,51943,0.312968911779599,0.350102815760306,"Adam Smith","Democrat","WA","5309"
53,10,344577,16586,0.314114473075429,0.349996870516676,"Marilyn Strickland","Democrat","WA","5310"
54,1,291562,9157,0.372844662426436,0.414385851049506,"Carol D. Miller","Republican","WV","5401"
54,2,353603,13998,0.371635008412326,0.410903362665674,"Riley M. Moore","Republican","WV","5402"
55,1,312792,9389,0.366030231941714,0.403934595887416,"Bryan Steil","Republican","WI","5501"
55,2,363942,20936,0.370562972799882,0.412992795462766,"Mark Pocan","Democrat","WI","5502"
55,3,312779,9084,0.36318973406829,0.402434582882115,"Derrick Van Orden","Republican","WI","5503"
55,4,299770,12643,0.372118186801219,0.410398040635012,"Gwen Moore","Democrat","WI","5504"
55,5,331384,23857,0.366287353740191,0.406574141154198,"Scott Fitzgerald","Republican","WI","5505"
55,6,317639,8536,0.361739432804685,0.400855002714995,"Glenn Grothman","Republican","WI","5506"
55,7,303553,9620,0.365140606079398,0.402393888543814,"Thomas P. Tiffany","Republican","WI","5507"
55,8,324420,10618,0.36695987797121,0.409689272416585,"Tony Wied","Republican","WI","5508"
56,0,244358,8340,0.315149300275489,0.355415117286011,"Harriet M. Hageman","Republican","WY","5600"
